No,Jenis_Kelamin,Usia,Wilayah_Geografis,Kode_Paket,Paket_Umrah,Tanggal_Keberangkatan
1,Wanita,32,Jawa,50S68,Paket Plus A,2022/12/20
2,Pria,65,Jawa  ,68T49,Paket Plus A,2022/12/20
3,Pria,54,Jawa  ,67R21,Paket Plus A,2022/12/20
4,Pria,55,Jawa  ,13Y88,Paket Plus A,2022/12/20
5,Wanita,36,Nusa Tenggara,39P57,Paket Plus A,2022/12/20
6,Pria,60,Kalimantan  ,32D57,Paket Plus A,2022/12/19
7,Wanita,55,Kalimantan,20J69,Paket Plus A,2022/12/19
8,Wanita,70,Sulawesi,83T59,Paket Plus A,2022/12/18
9,Wanita,40,Sumatera,10U19,Paket Plus A,2022/12/18
10,Pria,42,Jawa,35N53,Paket Plus A,2022/12/18
11,Wanita,32,Jawa,24M46,Paket Plus A,2022/12/17
12,Pria,45,Nusa Tenggara,36H84,Paket Plus A,2022/12/16
13,Wanita,44,Nusa Tenggara,18J24,Paket Plus A,2022/12/16
14,Pria,44,Sulawesi,32V95,Paket Plus A,2022/12/15
15,Pria,47,Kalimantan,73Z69,Paket Plus A,2022/12/14
16,Pria,51,Sulawesi,12G83,Paket Plus A,2022/12/14
17,Wanita,25,Kalimantan  ,94W99,Paket Plus A,2022/12/14
18,Wanita,51,Kalimantan  ,30D37,Paket Plus A,2022/12/14
19,Pria,50,Jawa,31S16,Paket Plus A,2022/12/14
20,Wanita,49,Sulawesi,28L70,Paket Plus A,2022/12/14
21,Pria,58,Jawa  ,58O68,Paket Plus A,2022/12/13
22,Wanita,34,Sulawesi,58V92,Paket Plus A,2022/12/12
23,Wanita,63,Jawa  ,31Z45,Paket Plus A,2022/12/12
24,Pria,37,Sulawesi,25T36,Paket Plus A,2022/12/12
25,Wanita,50,Jawa  ,66U50,Paket Plus A,2022/12/12
26,Pria,45,Sulawesi,92A28,Paket Plus A,2022/11/12
27,Pria,53,Sulawesi,99L97,Paket Plus A,2022/11/12
28,Wanita,38,Sulawesi,59N96,Paket Plus A,2022/10/12
29,Wanita,47,Jawa,24P86,Paket Plus A,2022/10/12
30,Pria,54,Jawa,27Z64,Paket Plus A,2022/09/12
31,Pria,40,Kalimantan,21S11,Paket Plus A,2022/09/12
32,Wanita,49,Kalimantan  ,96Q61,Paket Plus A,2022/09/12
33,Pria,60,Sumatera,27K40,Paket Plus A,2022/08/12
34,Pria,36,Sulawesi,50M88,Paket Plus A,2022/08/12
35,Wanita,62,Sulawesi,28X77,Paket Plus A,2022/07/12
36,Pria,,Jawa,95P26,Paket Plus A,2022/07/12
37,Wanita,,Sumatera,76V18,Paket Plus A,2022/07/12
38,Pria,,Jawa,20A70,Paket Plus A,2022/07/12
39,Pria,61,Sumatera,37Q70,Paket Plus A,2022/05/12
40,Wanita,35,Sumatera,12O84,Paket Plus A,2022/05/12
41,Wanita,56,Sulawesi,54G51,Paket Plus A,2022/04/12
42,Pria,43,Jawa,25V78,Paket Plus A,2022/04/12
43,Wanita,41,Sulawesi,90P84,Paket Plus A,2022/04/12
44,Pria,42,Jawa  ,55L90,Paket Plus A,2022/04/12
45,Wanita,39,Sumatera,96R24,Paket Plus A,2022/04/12
46,Pria,31,Sumatera,73X22,Paket Plus A,2022/04/12
47,Wanita,54,Jawa,46X96,Paket Plus A,2022/04/12
48,Wanita,38,Nusa Tenggara,24A49,Paket Plus A,2022/04/12
49,Pria,48,Sumatera,46T12,Paket Plus A,2022/04/12
50,Wanita,59,Sulawesi,95R86,Paket Plus A,2022/04/12
51,Pria,33,Jawa  ,46C23,Paket Plus A,2022/03/12
52,Wanita,65,Kalimantan,48M17,Paket Plus A,2022/03/12
53,Wanita,52,Sulawesi,76O62,Paket Plus A,2022/03/12
54,Pria,46,Sulawesi,98I52,Paket Plus A,2022/03/12
55,Wanita,55,Jawa  ,14U27,Paket Plus A,2022/03/12
56,Pria,44,Jawa,92N70,Paket Plus A,2022/02/12
57,Pria,53,Jawa,42L42,Paket Plus A,2022/02/12
58,Wanita,61,Sumatera,77B53,Paket Plus A,2022/01/12
59,Wanita,48,Sumatera,23V67,Paket Plus A,2022/01/12
60,Wanita,53,Sulawesi,58T96,Paket Plus A,2023/01/31
61,Wanita,71,Kalimantan,88S73,Paket Plus A,2023/01/31
62,Wanita,34,Jawa,59W52,Paket Plus A,2023/01/31
63,Pria,48,Kalimantan,76N47,Paket Plus A,2023/01/30
64,Wanita,67,Sumatera,68J97,Paket Plus A,2023/01/30
65,Pria,40,Nusa Tenggara,21D95,Paket Plus A,2023/01/30
66,Pria,45,Jawa  ,88Q61,Paket Plus A,2023/01/30
67,Pria,39,Jawa  ,57D84,Paket Plus A,2023/01/29
68,Pria,56,Jawa  ,37O70,Paket Plus A,2023/01/29
69,Pria,66,Sumatera,48G30,Paket Plus A,2023/01/29
70,Wanita,62,Nusa Tenggara,40G85,Paket Plus A,2023/01/28
71,Pria,71,Jawa,67A32,Paket Plus A,2023/01/28
72,Wanita,61,Sumatera  ,61W85,Paket Plus A,2024/01/28
73,Pria,26,Sulawesi,75T95,Paket Plus A,2024/01/28
74,Wanita,26,Kalimantan  ,64L55,Paket Plus A,2023/01/27
75,Wanita,59,Nusa Tenggara,65B35,Paket Plus A,2023/01/27
76,Wanita,61,Jawa,63M42,Paket Plus A,2023/01/27
77,Wanita,29,Jawa,88Z98,Paket Plus A,2023/01/26
78,Wanita,51,Jawa,79H10,Paket Plus A,2023/01/26
79,Wanita,76,Kalimantan  ,68D28,Paket Plus A,2023/01/26
80,Pria,54,Jawa,58D27,Paket Plus A,2024/01/25
81,Pria,36,Jawa,23B19,Paket Plus A,2023/01/25
82,Wanita,37,Kalimantan  ,53P77,Paket Plus A,2023/01/25
83,Pria,65,Nusa Tenggara,13B94,Paket Plus A,2023/01/25
84,Wanita,50,Jawa,10Q83,Paket Plus A,2023/01/24
85,Pria,43,Jawa,13O69,Paket Plus A,2023/01/24
86,Wanita,32,Sulawesi,23O70,Paket Plus A,2023/01/24
87,Pria,46,Jawa,36F60,Paket Plus A,2023/01/23
88,Pria,38,Sulawesi,38F61,Paket Plus A,2023/01/23
89,Pria,42,Sulawesi,51W93,Paket Plus A,2024/01/23
90,Pria,39,Jawa,96D52,Paket Plus A,2024/01/23
91,Wanita,31,Sumatera,20W71,Paket Plus A,2023/01/22
92,Wanita,54,Jawa,89R75,Paket Plus A,2023/01/22
93,Wanita,38,Sumatera,35A20,Paket Plus A,2023/01/22
94,Wanita,39,Sumatera,29R94,Paket Plus A,2023/01/21
95,Wanita,29,Jawa,57F60,Paket Plus A,2023/01/21
96,Wanita,43,Nusa Tenggara,89H25,Paket Plus A,2023/01/21
97,Wanita,60,Jawa,44Y65,Paket Plus A,2023/01/20
98,Wanita,52,Nusa Tenggara,70S12,Paket Plus A,2023/01/20
99,Wanita,47,Jawa,20D30,Paket Plus A,2023/01/20
100,Pria,53,Sumatera,80M43,Paket Plus A,2023/01/20
101,Wanita,51,Sulawesi,14B32,Paket Plus A,2024/01/19
102,Pria,37,Kalimantan  ,79H21,Paket Plus A,2024/01/19
103,Pria,43,Nusa Tenggara,78A33,Paket Plus A,2024/01/19
104,Pria,43, Jawa  ,67V67,Paket Plus A,2023/01/19
105,Wanita,58,Sumatera,79V69,Paket Plus A,2023/01/19
106,Pria,24,Kalimantan  ,64L59,Paket Plus A,2023/01/19
107,Wanita,41,Nusa Tenggara,23O43,Paket Plus A,2023/01/19
108,Pria,58,Kalimantan  ,21A62,Paket Plus A,2023/01/18
109,Pria,45,Jawa,39M97,Paket Plus A,2023/01/18
110,Pria,34,Sulawesi,85T68,Paket Plus A,2023/01/18
111,Pria,19,Sumatera,77B47,Paket Plus A,2023/01/17
112,Pria,47,Sulawesi,48L63,Paket Plus A,2023/01/17
113,Pria,53,Sumatera,79L51,Paket Plus A,2023/01/17
114,Pria,55,Jawa,18P96,Paket Plus A,2024/01/16
115,Pria,45,Jawa,41G47,Paket Plus A,2024/01/16
116,Wanita,45,Jawa,48D13,Paket Plus A,2024/01/16
117,Wanita,20,Jawa,38T21,Paket Plus A,2023/01/16
118,Wanita,32,Kalimantan,92N14,Paket Plus A,2023/01/16
119,Wanita,45,Nusa Tenggara,56S71,Paket Plus A,2023/01/16
120,Pria,50,Jawa  ,12K36,Paket Plus A,2023/01/16
121,Pria,29,Jawa,16F69,Paket Plus A,2023/01/16
122,Pria,34,Sulawesi,35O22,Paket Plus A,2023/01/16
123,Wanita,60,Jawa,23D18,Paket Plus A,2023/01/16
124,Pria,43,Kalimantan  ,14Y35,Paket Plus A,2023/01/16
125,Pria,12,Jawa  ,48N54,Paket Plus A,2024/01/15
126,Wanita,7,Jawa,97T58,Paket Plus A,2024/01/15
127,Wanita,42,Jawa,16K40,Paket Plus A,2024/01/15
128,Wanita,40,Sulawesi,86I19,Paket Plus A,2023/01/15
129,Wanita,22,Kalimantan,77K18,Paket Plus A,2023/01/14
130,Pria,35,Nusa Tenggara,38U97,Paket Plus A,2023/01/14
131,Wanita,48,Sulawesi,83X10,Paket Plus A,2023/01/14
132,Pria,29,Sumatera  ,43Y24,Paket Plus A,2023/01/13
133,Wanita,57,Jawa  ,55N87,Paket Plus A,2023/01/13
134,Pria,40,Sumatera,87N89,Paket Plus A,2023/01/13
135,Wanita,40,Jawa  ,61W23,Paket Plus A,2023/12/01
136,Pria,60,Sulawesi,69P81,Paket Plus A,2023/12/01
137,Wanita,38,Jawa,86H39,Paket Plus A,2023/12/01
138,Pria,50,Sulawesi,80L18,Paket Plus A,2023/12/01
139,Pria,24,Jawa  ,80L19,Paket Plus A,2023/12/01
140,Wanita,35,Sulawesi,62Z28,Paket Plus A,2023/11/01
141,Pria,50,Sumatera  ,70W86,Paket Plus A,2023/11/01
142,Wanita,29,Nusa Tenggara,26W66,Paket Plus A,2023/10/01
143,Pria,40,Jawa,22R17,Paket Plus A,2023/10/01
144,Wanita,55,Sulawesi,13S90,Paket Plus A,2023/10/01
145,Pria,22,Sulawesi,13S91,Paket Plus A,2023/09/01
146,Wanita,60,Nusa Tenggara,65S53,Paket Plus A,2023/09/01
147,Pria,38,Sulawesi,84B28,Paket Plus A,2023/09/01
148,Wanita,44,Kalimantan  ,87I96,Paket Plus A,2023/09/01
149,Pria,21,Sulawesi,69I11,Paket Plus A,2023/08/01
150,Wanita,32,Jawa,97U68,Paket Plus A,2023/08/01
151,Wanita,52,Nusa Tenggara,36N42,Paket Plus A,2023/08/01
152,Wanita,63,Jawa  ,86T10,Paket Plus A,2023/08/01
153,Pria,36,Nusa Tenggara,17X19,Paket Plus A,2023/08/01
154,Wanita,52,Sulawesi,29C93,Paket Plus A,2023/08/01
155,Pria,20,Sulawesi,58M52,Paket Plus A,2023/08/01
156,Wanita,39,Sumatera,65Y99,Paket Plus A,2023/08/01
157,Pria,48,Nusa Tenggara,32U16,Paket Plus A,2023/08/01
158,Wanita,27,Sulawesi,43P85,Paket Plus A,2023/07/01
159,Pria,30,Jawa  ,94C91,Paket Plus A,2023/07/01
160,Wanita,53,Kalimantan  ,49Y51,Paket Plus A,2023/07/01
161,Pria,46,Sumatera,28Y63,Paket Plus A,2023/06/01
162,Wanita,37,Sulawesi,23F37,Paket Plus A,2023/06/01
163,Pria,41,Jawa,74U68,Paket Plus A,2023/06/01
164,Wanita,26,Kalimantan  ,77Y20,Paket Plus A,2023/06/01
165,Wanita,48,Sulawesi,55J52,Paket Plus A,2023/06/01
166,Pria,70,Nusa Tenggara,18K36,Paket Plus A,2023/06/01
167,Wanita,40,Jawa  ,28P93,Paket Plus A,2023/06/01
168,Pria,31,Nusa Tenggara,56O28,Paket Plus A,2023/06/01
169,Wanita,45,Jawa,32H61,Paket Plus A,2023/05/01
170,Pria,52,Sulawesi,85G33,Paket Plus A,2023/05/01
171,Pria,58,Sulawesi,83G81,Paket Plus A,2023/05/01
172,Wanita,23,Sulawesi,70V57,Paket Plus A,2023/05/01
173,Pria,39,Nusa Tenggara,62O20,Paket Plus A,2023/05/01
174,Wanita,25,Jawa,85J63,Paket Plus A,2023/04/01
175,Pria,42,Jawa,76K65,Paket Plus A,2023/04/01
176,Wanita,31,Sumatera,85C23,Paket Plus A,2023/04/01
177,Pria,36,Sulawesi,85C24,Paket Plus A,2023/03/01
178,Wanita,28,Sulawesi,26L95,Paket Plus A,2023/03/01
179,Pria,45,Nusa Tenggara,18L35,Paket Plus A,2023/03/01
180,Wanita,20,Kalimantan  ,17J35,Paket Plus A,2023/02/01
181,Pria,32,Jawa  ,73P79,Paket Plus A,2023/02/01
182,Wanita,45,Jawa  ,17B55,Paket Plus A,2023/02/01
183,Pria,50,Sulawesi,17B56,Paket Plus A,2023/01/01
184,Wanita,29,Sumatera,37T92,Paket Plus A,2023/01/01
185,Pria,37,Kalimantan  ,99O22,Paket Plus A,2023/01/01
186,Pria,43,Nusa Tenggara,99O23,Paket Plus A,2023/02/28
187,Pria,43,Kalimantan  ,59P44,Paket Plus A,2023/02/28
188,Wanita,58,Nusa Tenggara,30W25,Paket Plus A,2023/02/28
189,Pria,59,Sulawesi,80H21,Paket Plus A,2023/02/28
190,Pria,38,Sulawesi,72V23,Paket Plus A,2024/02/27
191,Wanita,16,Sumatera,58N37,Paket Plus A,2024/02/27
192,Pria,,Sumatera,25P78,Paket Plus A,2023/02/27
193,Pria,64,Sulawesi,27L30,Paket Plus A,2023/02/27
194,Pria,68,Kalimantan,83X90,Paket Plus A,2023/02/27
195,Wanita,74,Sulawesi,29Y20,Paket Plus A,2024/02/26
196,Wanita,44,Sulawesi,29Y21,Paket Plus A,2024/02/26
197,Wanita,62,Jawa,85N40,Paket Plus A,2024/02/26
198,Wanita,52,Sumatera,85N41,Paket Plus A,2023/02/25
199,Pria,63,Jawa,32P98,Paket Plus A,2023/02/25
200,Wanita,36,Sulawesi,71R35,Paket Plus A,2023/02/25
201,Wanita,52,Sulawesi,73G94,Paket Plus A,2024/02/24
202,Wanita,20,Sumatera,63H83,Paket Plus A,2024/02/24
203,Pria,39,Jawa  ,30F74,Paket Plus A,2024/02/24
204,Wanita,47,Jawa  ,88C90,Paket Plus A,2024/02/24
205,Pria,43,Sumatera,34N33,Paket Plus A,2023/02/23
206,Wanita,43,Jawa,56M33,Paket Plus A,2023/02/23
207,Wanita,49,Kalimantan,16W76,Paket Plus A,2023/02/23
208,Wanita,56,Jawa  ,72P39,Paket Plus A,2023/02/22
209,Wanita,71,Kalimantan,19P84,Paket Plus A,2024/02/21
210,Wanita,48,Jawa  ,39C14,Paket Plus A,2024/02/21
211,Wanita,70,Kalimantan  ,77D98,Paket Plus A,2024/02/21
212,Wanita,40,Sulawesi,94V20,Paket Plus A,2023/02/21
213,Wanita,31,Jawa  ,82Z96,Paket Plus A,2023/02/21
214,Wanita,45,Kalimantan  ,11J67,Paket Plus A,2023/02/21
215,Wanita,52,Jawa,53R66,Paket Plus A,2023/02/20
216,Wanita,67,Kalimantan  ,56Y89,Paket Plus A,2023/02/20
217,Wanita,65,Kalimantan  ,57F59,Paket Plus A,2023/02/20
218,Wanita,42,Kalimantan,41K65,Paket Plus A,2024/02/19
219,Wanita,68,Sumatera,18R36,Paket Plus A,2024/02/19
220,Pria,25,Jawa,58S38,Paket Plus A,2023/02/19
221,Pria,43,Jawa,47T39,Paket Plus B,2023/02/19
222,Wanita,37,Sulawesi,51Q99,Paket Plus B,2023/02/18
223,Wanita,60,Sumatera,76J57,Paket Plus B,2023/02/18
224,Wanita,35,Nusa Tenggara,97C89,Paket Plus B,2024/02/17
225,Wanita,38,Jawa,61D39,Paket Plus B,2024/02/17
226,Wanita,47,Sulawesi,37F20,Paket Plus B,2024/02/17
227,Pria,50,Jawa,88Z23,Paket Plus B,2023/02/17
228,Wanita,46,Jawa  ,33O75,Paket Plus B,2023/02/17
229,Pria,20,Sumatera,18D84,Paket Plus B,2024/02/16
230,Pria,72,Jawa,99K60,Paket Plus B,2023/02/16
231,Wanita,41,Sumatera,56W96,Paket Plus B,2023/02/16
232,Pria,75,Kalimantan  ,78K14,Paket Plus B,2023/02/16
233,Pria,70,Kalimantan  ,66J56,Paket Plus B,2023/02/15
234,Wanita,37,Sulawesi,15V86,Paket Plus B,2023/02/15
235,Pria,40,Jawa  ,15V87,Paket Plus B,2023/02/15
236,Wanita,46,Sumatera,34C48,Paket Plus B,2023/02/14
237,Wanita  ,52,Kalimantan  ,83A75,Paket Plus B,2024/02/15
238,Wanita  ,36,Jawa  ,79N70,Paket Plus B,2024/02/15
239,Pria  ,34,Jawa,45O62,Paket Plus B,2023/02/15
240,Pria  ,29,Jawa,81R25,Paket Plus B,2024/02/14
241,Pria,61,Sulawesi,31L88,Paket Plus B,2024/02/14
242,Pria,38,Kalimantan,67T57,Paket Plus B,2023/02/14
243,Wanita,68,Jawa,18F66,Paket Plus B,2023/02/14
244,Wanita,47,Jawa  ,92G32,Paket Plus B,2024/02/13
245,Wanita,60, Jawa  ,81P68,Paket Plus B,2024/02/13
246,Wanita,39,Sulawesi,44T94,Paket Plus B,2024/02/13
247,Pria,41,Jawa  ,84G84,Paket Plus B,2023/12/02
248,Wanita,50,Jawa,95C75,Paket Plus B,2023/12/02
249,Wanita,76,Nusa Tenggara,28L46,Paket Plus B,2023/12/02
250,Pria,59,Sulawesi,92T90,Paket Plus B,2023/12/02
251,Pria,51,Kalimantan,16G29,Paket Plus B,2023/12/02
252,Wanita,62,Jawa,45Y84,Paket Plus B,2023/11/02
253,Pria,76,Kalimantan,32U81,Paket Plus B,2023/11/02
254,Pria,41,Jawa,13X25,Paket Plus B,2023/11/02
255,Wanita,39,Jawa,75H62,Paket Plus B,2023/10/02
256,Wanita,38,Jawa,87F91,Paket Plus B,2023/10/02
257,Wanita,64,Jawa  ,89L26,Paket Plus B,2023/10/02
258,Wanita,25,Sulawesi,90Q55,Paket Plus B,2023/10/02
259,Wanita,53,Jawa,39R59,Paket Plus B,2023/09/02
260,Pria,57,Nusa Tenggara,48T88,Paket Plus B,2023/09/02
261,Wanita,39,Kalimantan,73F30,Paket Plus B,2023/09/02
262,Pria,39,Sulawesi,73F31,Paket Plus B,2023/08/02
263,Pria,68,Kalimantan  ,34N81,Paket Plus B,2023/08/02
264,Wanita,52,Sulawesi,69I91,Paket Plus B,2023/08/02
265,Wanita,59,Kalimantan  ,18N56,Paket Plus B,2023/08/02
266,Wanita,47,Kalimantan  ,82G19,Paket Plus B,2023/08/02
267,Wanita,57,Sulawesi,92L67,Paket Plus B,2023/07/02
268,Wanita,49,Nusa Tenggara,50T48,Paket Plus B,2023/07/02
269,Wanita,54,Kalimantan,65S90,Paket Plus B,2023/07/02
270,Wanita,54,Sumatera,47I79,Paket Plus B,2023/07/02
271,Pria,52,Sulawesi,60I84,Paket Plus B,2023/07/02
272,Pria,47,Kalimantan  ,67A73,Paket Plus B,2023/07/02
273,Wanita,40,Jawa  ,46F64,Paket Plus B,2023/07/02
274,Wanita,39,Kalimantan,54Z66,Paket Plus B,2023/07/02
275,Pria,63,Sumatera,95B16,Paket Plus B,2023/06/02
276,Wanita,64,Jawa,98M94,Paket Plus B,2023/06/02
277,Pria,52,Sulawesi,91S55,Paket Plus B,2023/06/02
278,Pria,62,Nusa Tenggara,85U98,Paket Plus B,2023/06/02
279,Pria,38,Sulawesi,13Y60,Paket Plus B,2023/05/02
280,Wanita,,Kalimantan  ,22L75,Paket Plus B,2023/05/02
281,Wanita,,Sumatera,13F58,Paket Plus B,2023/05/02
282,Pria,59,Sumatera,35I99,Paket Plus B,2023/05/02
283,Wanita,,Sumatera,72D28,Paket Plus B,2023/05/02
284,Wanita,41,Sulawesi,30W69,Paket Plus B,2023/04/02
285,Wanita,55,Jawa,84D60,Paket Plus B,2023/04/02
286,Pria,64,Sulawesi,13Y49,Paket Plus B,2023/04/02
287,Wanita,44,Kalimantan  ,87J52,Paket Plus B,2023/04/02
288,Pria,,Nusa Tenggara,25Y41,Paket Plus B,2023/03/02
289,Wanita,42,Sulawesi,86Y31,Paket Plus B,2023/03/02
290,Pria,53,Nusa Tenggara,81W14,Paket Plus B,2023/03/02
291,Wanita,52,Nusa Tenggara,74Z95,Paket Plus B,2024/02/02
292,Pria,52,Sulawesi,98D57,Paket Plus B,2023/02/02
293,Wanita,45,Sulawesi,90X91,Paket Plus B,2023/02/02
294,Wanita,26,Sumatera,17Q48,Paket Plus B,2023/02/02
295,Wanita,43,Jawa,68M76,Paket Plus B,2023/01/02
296,Wanita,19,Sulawesi,99V52,Paket Plus B,2023/01/02
297,Pria,60,Kalimantan,87K61,Paket Plus C,2023/01/02
298,Pria,57,Kalimantan  ,48L65,Paket Plus C,2023/03/31
299,Pria,30,Jawa,72Z65,Paket Plus C,2023/03/31
300,Wanita,30,Nusa Tenggara,23I89,Paket Plus C,2023/03/31
301,Wanita,42,Sulawesi,44W20,Paket Plus C,2023/03/31
302,Pria,44,Sumatera  ,30S22,Paket Plus C,2023/03/31
303,Wanita,44,Sumatera  ,81Z88,Paket Plus C,2023/03/30
304,Pria,35,Nusa Tenggara,96A73,Paket Plus C,2023/03/30
305,Wanita,60,Jawa,27F90,Paket Plus C,2023/03/30
306,Pria,38,Jawa,91D67,Paket Plus C,2023/03/30
307,Pria,52,Sumatera,53K94,Paket Plus C,2023/03/29
308,Wanita,23,Kalimantan,90I26,Paket Plus C,2023/03/29
309,Wanita,73,Kalimantan  ,49B17,Paket Plus C,2023/03/29
310,Wanita,61,Kalimantan  ,92F27,Paket Plus C,2023/03/28
311,Pria,45,Sumatera,26F72,Paket Plus C,2023/03/28
312,Wanita,14,Sulawesi,48B67,Paket Plus C,2023/03/28
313,Pria,35,Nusa Tenggara,69S36,Paket Plus C,2023/03/28
314,Pria,63,Jawa,27A64,Paket Plus C,2023/03/27
315,Wanita,58,Jawa,31I48,Paket Plus C,2023/03/27
316,Wanita,42,Kalimantan,62U34,Paket Plus C,2023/03/27
317,Pria  ,43,Nusa Tenggara,61A60,Paket Plus C,2023/03/27
318,Pria  ,45,Kalimantan  ,26A94,Paket Plus C,2023/03/26
319,Pria  ,51,Nusa Tenggara,79I49,Paket Plus C,2023/03/26
320,Pria  ,54,Kalimantan,22N71,Paket Plus C,2023/03/26
321,Wanita  ,,Sumatera,31N88,Paket Plus C,2023/03/26
322,Wanita  ,63,Sulawesi,83U83,Paket Plus C,2023/03/25
323,Wanita  ,36,Kalimantan,94F24,Paket Plus C,2023/03/25
324,Wanita  ,15,Nusa Tenggara,36J59,Paket Plus C,2023/03/25
325,Pria  ,37,Nusa Tenggara,75R14,Paket Plus C,2023/03/25
326,Pria  ,42,Jawa,27G91,Paket Plus C,2023/03/24
327,Pria  ,37,Kalimantan  ,54O42,Paket Plus C,2023/03/24
328,Pria  ,44,Sulawesi,20K43,Paket Plus C,2023/03/24
329,Wanita  ,64,Nusa Tenggara,73R80,Paket Plus C,2023/03/23
330,Wanita  ,50,Sulawesi,68W97,Paket Plus C,2023/03/23
331,Wanita  ,64,Sulawesi,36D71,Paket Plus C,2023/03/23
332,Pria  ,56,Sulawesi,93T24,Paket Plus C,2023/03/23
333,Pria  ,48,Nusa Tenggara,55H11,Paket Plus C,2023/03/22
334,Pria  ,27,Kalimantan,43F73,Paket Plus C,2023/03/22
335,Wanita  ,62,Jawa,86A70,Paket Plus C,2023/03/22
336,Pria  ,42,Sulawesi,51Y40,Paket Plus C,2023/03/21
337,Pria  ,73,Sulawesi,66G40,Paket Plus C,2023/03/21
338,Pria  ,64,Jawa  ,44Z19,Paket Plus C,2023/03/21
339,Pria  ,59,Sulawesi,35W69,Paket Plus C,2023/03/21
340,Wanita  ,70,Jawa  ,25Z32,Paket Plus C,2023/03/20
341,Wanita  ,34,Jawa,57O75,Paket Plus C,2023/03/20
342,Wanita  ,51,Kalimantan  ,70F74,Paket Plus C,2023/03/20
343,Wanita  ,54,Kalimantan,69Z36,Paket Plus C,2023/03/20
344,Wanita  ,39,Kalimantan,17U65,Paket Plus C,2023/03/19
345,Wanita  ,67,Sumatera,75F99,Paket Plus C,2023/03/19
346,Wanita  ,76,Sulawesi,44U63,Paket Plus C,2023/03/19
347,Wanita  ,50,Kalimantan  ,23S65,Paket Plus C,2023/03/18
348,Wanita  ,43,Kalimantan  ,88T43,Paket Plus C,2023/03/18
349,Wanita  ,48,Sumatera,33Q70,Paket Plus C,2023/03/18
350,Pria  ,43,Sulawesi,60T36,Paket Plus C,2023/03/18
351,Pria  ,48,Kalimantan,69H59,Paket Plus C,2023/03/17
352,Wanita  ,71,Sumatera,11A67,Paket Plus C,2023/03/17
353,Pria  ,48,Sulawesi,33P34,Paket Plus C,2023/03/17
354,Wanita  ,48,Kalimantan,87L99,Paket Plus C,2023/03/17
355,Wanita  ,48,Sulawesi,42K63,Paket Plus C,2023/03/16
356,Wanita  ,71,Nusa Tenggara,71I83,Paket Plus C,2023/03/16
357,Wanita  ,62,Sulawesi,42I68,Paket Plus C,2023/03/16
358,Wanita  ,40,Sulawesi,31K44,Paket Plus C,2023/03/16
359,Wanita  ,63,Jawa,50N78,Paket Plus C,2023/03/15
360,Wanita  ,67,Jawa,84H58,Paket Plus C,2023/03/15
361,Wanita  ,63,Sumatera,90D39,Paket Plus C,2023/03/15
362,Wanita  ,53,Sumatera,86V98,Paket Plus C,2023/03/15
363,Wanita  ,62,Sumatera,91N97,Paket Plus C,2023/03/14
364,Wanita  ,59,Sulawesi,61Z84,Paket Plus C,2023/03/14
365,Wanita  ,66,Nusa Tenggara,54J84,Paket Plus C,2023/03/14
366,Pria  ,67,Kalimantan  ,60N89,Paket Plus C,2023/03/14
367,Pria  ,54,Jawa,65T74,Paket Plus C,2023/03/13
368,Wanita  ,50,Kalimantan  ,43D76,Paket Plus C,2023/03/13
369,Pria  ,52,Kalimantan,79U38,Paket Plus C,2023/03/13
370,Pria  ,74,Kalimantan  ,12P64,Paket Plus C,2023/03/13
371,Pria  ,24,Sulawesi,64B98,Paket Plus C,2023/12/03
372,Pria  ,49,Jawa,51B79,Paket Plus C,2023/12/03
373,Wanita  ,65,Kalimantan,20R35,Paket Plus C,2023/12/03
374,Pria  ,47,Sumatera,95Q34,Paket Plus C,2023/12/03
375,Pria  ,39,Jawa,77X10,Paket Plus C,2023/11/03
376,Wanita  ,44,Nusa Tenggara,63W34,Paket Plus C,2023/11/03
377,Wanita  ,64,Jawa  ,78S29,Paket Plus C,2023/11/03
378,Wanita  ,31,Sulawesi,14H84,Paket Plus C,2023/11/03
379,Pria,30,Sulawesi,91R99,Paket Plus C,2023/10/03
380,Pria,29,Sulawesi,29J92,Paket Plus C,2023/10/03
381,Wanita  ,51,Sulawesi,99F77,Paket Plus C,2023/10/03
382,Wanita  ,38,Jawa,87B38,Paket Plus C,2023/10/03
383,Wanita  ,35,Jawa,70C46,Paket Plus C,2023/10/03
384,Wanita  ,37,Nusa Tenggara,60H83,Paket Plus C,2023/10/03
385,Wanita  ,45,Nusa Tenggara,66B80,Paket Plus C,2023/10/03
386,Wanita  ,42,Sulawesi,80U91,Paket Plus C,2023/10/03
387,Wanita  ,43,Kalimantan  ,80U92,Paket Plus C,2023/10/03
388,Pria  ,56,Sumatera,47X54,Paket Plus C,2023/09/03
389,Wanita  ,53,Jawa,15B81,Paket Plus C,2023/09/03
390,Wanita  ,76,Sumatera,16A87,Paket Plus C,2023/09/03
391,Wanita  ,46,Sulawesi,77V42,Paket Plus C,2023/08/03
392,Wanita  ,66,Kalimantan  ,11Y84,Paket Plus C,2023/08/03
393,Wanita  ,42,Sulawesi,28C14,Paket Plus C,2023/08/03
394,Wanita  ,50,Kalimantan  ,52M61,Paket Plus C,2023/08/03
395,Pria  ,51,Jawa,64P27,Paket Reguler 3 Bintang,2023/08/03
396,Pria  ,66,Sumatera,84P68,Paket Reguler 3 Bintang,2023/08/03
397,Pria  ,49,Sulawesi,45G90,Paket Reguler 3 Bintang,2023/08/03
398,Wanita  ,37,Kalimantan,84X27,Paket Reguler 3 Bintang,2023/08/03
399,Wanita  ,37,Jawa,"5,10E+99",Paket Reguler 3 Bintang,2023/07/03
400,Pria  ,67,Jawa,64A61,Paket Reguler 3 Bintang,2023/07/03
401,Wanita  ,44,Nusa Tenggara,37D22,Paket Reguler 3 Bintang,2023/07/03
402,Wanita  ,46,Jawa,94U77,Paket Reguler 3 Bintang,2023/07/03
403,Pria  ,51,Jawa,61K61,Paket Reguler 3 Bintang,2023/07/03
404,Wanita  ,62,Kalimantan  ,71J26,Paket Reguler 3 Bintang,2023/07/03
405,Wanita  ,47,Jawa,97M32,Paket Reguler 3 Bintang,2023/06/03
406,Wanita  ,68,Sumatera,84K31,Paket Reguler 3 Bintang,2023/06/03
407,Wanita  ,44,Sumatera,64U48,Paket Reguler 3 Bintang,2023/06/03
408,Wanita  ,43,Sumatera,11O33,Paket Reguler 3 Bintang,2023/06/03
409,Wanita  ,56,Sumatera,41X98,Paket Reguler 3 Bintang,2023/06/03
410,Pria  ,43,Sumatera,41X99,Paket Reguler 3 Bintang,2023/06/03
411,Pria  ,55,Sumatera,44L84,Paket Reguler 3 Bintang,2023/05/03
412,Wanita  ,35,Nusa Tenggara,44L85,Paket Reguler 3 Bintang,2023/05/03
413,Wanita  ,46,Jawa,71Z15,Paket Reguler 3 Bintang,2023/05/03
414,Wanita  ,62,Jawa  ,37C71,Paket Reguler 3 Bintang,2023/05/03
415,Wanita  ,12,Jawa,10D91,Paket Reguler 3 Bintang,2023/05/03
416,Pria  ,44,Sumatera,87Q35,Paket Reguler 3 Bintang,2023/05/03
417,Wanita  ,52,Jawa,47A97,Paket Reguler 3 Bintang,2023/04/03
418,Pria  ,53,Kalimantan  ,45B88,Paket Reguler 3 Bintang,2023/04/03
419,Wanita  ,49,Sulawesi,90N73,Paket Reguler 3 Bintang,2023/04/03
420,Wanita  ,60,Jawa,80D57,Paket Reguler 3 Bintang,2023/04/03
421,Wanita  ,41,Sulawesi,33M93,Paket Reguler 3 Bintang,2023/03/03
422,Wanita  ,48,Jawa,28T15,Paket Reguler 3 Bintang,2023/03/03
423,Wanita  ,62,Sumatera,70A32,Paket Reguler 3 Bintang,2023/03/03
424,Wanita  ,49,Nusa Tenggara,40T89,Paket Reguler 3 Bintang,2024/02/03
425,Pria  ,44,Jawa  ,60S13,Paket Reguler 3 Bintang,2024/02/03
426,Wanita  ,64,Sulawesi,53Y62,Paket Reguler 3 Bintang,2023/02/03
427,Wanita  ,31,Sumatera,30L71,Paket Reguler 3 Bintang,2023/02/03
428,Pria  ,30,Sumatera,21B89,Paket Reguler 3 Bintang,2024/01/03
429,Wanita  ,29,Jawa  ,15P71,Paket Reguler 3 Bintang,2024/01/03
430,Wanita  ,51,Nusa Tenggara,83M88,Paket Reguler 3 Bintang,2024/01/03
431,Pria  ,38,Sumatera  ,59X76,Paket Reguler 3 Bintang,2024/01/03
432,Pria  ,35,Jawa  ,12L77,Paket Reguler 3 Bintang,2024/01/03
433,Pria,37,Jawa  ,14Z55,Paket Reguler 3 Bintang,2023/04/30
434,Wanita,49,Sulawesi,99N99,Paket Reguler 3 Bintang,2023/04/30
435,Wanita,53,Nusa Tenggara,54H53,Paket Reguler 3 Bintang,2023/04/30
436,Wanita,48,Sumatera,80Q76,Paket Reguler 3 Bintang,2023/04/30
437,Wanita  ,52,Nusa Tenggara,41A88,Paket Reguler 3 Bintang,2023/04/30
438,Pria  ,36,Sulawesi,33H88,Paket Reguler 3 Bintang,2023/04/30
439,Pria  ,51,Jawa  ,33H89,Paket Reguler 3 Bintang,2023/04/30
440,Pria,56,Kalimantan  ,98P58,Paket Reguler 3 Bintang,2023/04/30
441,Wanita,49,Kalimantan,75G50,Paket Reguler 3 Bintang,2023/04/30
442,Wanita,57,Sumatera  ,91P78,Paket Reguler 3 Bintang,2023/04/30
443,Wanita,52,Jawa,10R27,Paket Reguler 3 Bintang,2023/04/30
444,Wanita,46,Nusa Tenggara,43N96,Paket Reguler 3 Bintang,2023/04/30
445,Wanita,54,Nusa Tenggara,65W89,Paket Reguler 3 Bintang,2023/04/30
446,Pria,42,Jawa  ,86M91,Paket Reguler 3 Bintang,2023/04/30
447,Pria,71,Nusa Tenggara,93Y18,Paket Reguler 3 Bintang,2023/04/30
448,Pria,48,Sulawesi,42B62,Paket Reguler 3 Bintang,2023/04/29
449,Pria,35,Jawa  ,34T67,Paket Reguler 3 Bintang,2023/04/29
450,Wanita,36,Kalimantan,85V80,Paket Reguler 3 Bintang,2023/04/29
451,Wanita,7,Jawa,25F63,Paket Reguler 3 Bintang,2023/04/29
452,Wanita,9,Jawa,97X49,Paket Reguler 3 Bintang,2023/04/29
453,Pria,42,Kalimantan,96M47,Paket Reguler 3 Bintang,2023/04/28
454,Pria,36,Jawa,31D61,Paket Reguler 3 Bintang,2023/04/28
455,Pria,43,Sulawesi,24W30,Paket Reguler 3 Bintang,2023/04/28
456,Pria,61,Sulawesi,53X43,Paket Reguler 3 Bintang,2023/04/28
457,Pria,33,Jawa,17I50,Paket Reguler 3 Bintang,2023/04/28
458,Pria,53,Sulawesi,60C48,Paket Reguler 3 Bintang,2023/04/28
459,Pria,40,Kalimantan,"9,70E+90",Paket Reguler 3 Bintang,2023/04/28
460,Pria,59,Jawa,85X47,Paket Reguler 3 Bintang,2023/04/28
461,Wanita,57,Sumatera,10C56,Paket Reguler 3 Bintang,2023/04/28
462,Wanita,66,Sulawesi,97B89,Paket Reguler 3 Bintang,2023/04/27
463,Wanita,47,Kalimantan,65O77,Paket Reguler 3 Bintang,2023/04/27
464,Wanita,24,Nusa Tenggara,13L28,Paket Reguler 3 Bintang,2023/04/25
465,Pria,32,Sulawesi,90B90,Paket Reguler 3 Bintang,2023/04/25
466,Pria,34,Sulawesi,27W75,Paket Reguler 3 Bintang,2023/04/25
467,Wanita,30,Sulawesi,31Q67,Paket Reguler 3 Bintang,2023/04/25
468,Pria,5,Sulawesi,20H65,Paket Reguler 3 Bintang,2023/04/25
469,Wanita,72,Nusa Tenggara,87G29,Paket Reguler 3 Bintang,2023/04/25
470,Wanita,52,Jawa,13U11,Paket Reguler 3 Bintang,2023/04/25
471,Wanita,25,Jawa  ,20N50,Paket Reguler 3 Bintang,2023/04/25
472,Wanita  ,39,Nusa Tenggara,45F76,Paket Reguler 3 Bintang,2023/04/25
473,Pria  ,40,Sulawesi,52W85,Paket Reguler 3 Bintang,2023/04/25
474,Wanita  ,60,Jawa,71G30,Paket Reguler 3 Bintang,2023/04/25
475,Pria  ,53,Jawa,70J66,Paket Reguler 3 Bintang,2023/04/24
476,Wanita  ,47,Sumatera,70J67,Paket Reguler 3 Bintang,2023/04/24
477,Pria  ,59,Sulawesi,70J68,Paket Reguler 3 Bintang,2023/04/24
478,Wanita  ,52,Kalimantan,49H50,Paket Reguler 3 Bintang,2023/04/23
479,Wanita  ,66,Sumatera,68B85,Paket Reguler 3 Bintang,2023/04/23
480,Wanita  ,43,Sumatera,68B86,Paket Reguler 3 Bintang,2023/04/23
481,Wanita  ,72,Sumatera,49X78,Paket Reguler 3 Bintang,2023/04/23
482,Wanita  ,49,Sulawesi,86Z77,Paket Reguler 3 Bintang,2023/04/23
483,Pria  ,53,Jawa,78X71,Paket Reguler 3 Bintang,2023/04/23
484,Wanita  ,48,Sulawesi,91F12,Paket Reguler 3 Bintang,2023/04/23
485,Pria  ,52,Jawa,47W58,Paket Reguler 3 Bintang,2023/04/23
486,Pria  ,36,Sulawesi,17Z25,Paket Reguler 3 Bintang,2023/04/23
487,Wanita,47,Sulawesi,61F73,Paket Reguler 3 Bintang,2023/04/20
488,Pria,47,Sumatera,61F74,Paket Reguler 3 Bintang,2023/04/20
489,Wanita,52,Jawa,98K19,Paket Reguler 3 Bintang,2023/04/20
490,Wanita,36,Kalimantan  ,33R76,Paket Reguler 3 Bintang,2023/04/20
491,Pria,29,Nusa Tenggara,62F87,Paket Reguler 3 Bintang,2023/04/20
492,Pria,29,Kalimantan,69D38,Paket Reguler 3 Bintang,2023/04/20
493,Wanita,29,Kalimantan,76A94,Paket Reguler 3 Bintang,2023/04/20
494,Wanita,31,Sumatera,76A95,Paket Reguler 3 Bintang,2023/04/20
495,Pria,45,Jawa,81X59,Paket Reguler 3 Bintang,2023/04/20
496,Wanita,50,Jawa,42F56,Paket Reguler 3 Bintang,2023/04/20
497,Pria,58,Kalimantan  ,57M24,Paket Reguler 3 Bintang,2023/04/18
498,Pria,60,Sulawesi,21F83,Paket Reguler 3 Bintang,2023/04/18
499,Wanita,60,Kalimantan  ,74W33,Paket Reguler 3 Bintang,2023/04/18
500,Wanita,60,Sulawesi,63V60,Paket Reguler 3 Bintang,2023/04/17
501,Pria,,Jawa,14P84,Paket Reguler 3 Bintang,2023/04/17
502,Pria,43,Jawa,57B76,Paket Reguler 3 Bintang,2023/04/17
503,Wanita,43,Nusa Tenggara,38G86,Paket Reguler 3 Bintang,2023/04/17
504,Wanita,46,Nusa Tenggara,71P16,Paket Reguler 3 Bintang,2023/04/17
505,Pria,44,Jawa,30P77,Paket Reguler 3 Bintang,2023/04/17
506,Wanita,44,Jawa  ,55M26,Paket Reguler 3 Bintang,2023/04/14
507,Pria,44,Nusa Tenggara,19R91,Paket Reguler 3 Bintang,2023/04/13
508,Pria,55,Sulawesi,40P26,Paket Reguler 3 Bintang,2023/04/13
509,Wanita,62,Kalimantan,65J93,Paket Reguler 3 Bintang,2023/04/13
510,Wanita,62,Sumatera,49N24,Paket Reguler 3 Bintang,2023/04/13
511,Pria,20,Kalimantan  ,87S70,Paket Reguler 3 Bintang,2023/04/13
512,Pria,20,Nusa Tenggara,26Z83,Paket Reguler 3 Bintang,2023/12/04
513,Wanita,20,Jawa,80A71,Paket Reguler 3 Bintang,2023/12/04
514,Pria,48,Sulawesi,29A47,Paket Reguler 3 Bintang,2023/12/04
515,Wanita,48,Jawa,10B67,Paket Reguler 3 Bintang,2023/12/04
516,Pria,39,Kalimantan,21J26,Paket Reguler 3 Bintang,2023/12/04
517,Wanita,41,Sumatera,34F38,Paket Reguler 3 Bintang,2023/12/04
518,Wanita,40,Sumatera,99D62,Paket Reguler 3 Bintang,2023/10/04
519,Pria,40,Sumatera,93M76,Paket Reguler 3 Bintang,2023/10/04
520,Wanita,40,Sulawesi,96B53,Paket Reguler 3 Bintang,2023/10/04
521,Pria,38,Kalimantan,49P45,Paket Reguler 3 Bintang,2023/10/04
522,Pria,27,Jawa  ,90A44,Paket Reguler 3 Bintang,2023/10/04
523,Wanita,35,Sumatera,50A31,Paket Reguler 3 Bintang,2023/10/04
524,Pria,56,Sulawesi,48A50,Paket Reguler 3 Bintang,2023/10/04
525,Pria,56,Sulawesi,76I19,Paket Reguler 3 Bintang,2023/10/04
526,Wanita,56,Sulawesi,15P75,Paket Reguler 3 Bintang,2023/10/04
527,Wanita,67,Jawa,47W18,Paket Reguler 3 Bintang,2023/10/04
528,Pria,43,Sulawesi,21G83,Paket Reguler 3 Bintang,2023/09/04
529,Wanita,43,Sumatera,58Z98,Paket Reguler 3 Bintang,2023/09/04
530,Pria,24,Sumatera,76P32,Paket Reguler 3 Bintang,2023/09/04
531,Pria,37,Nusa Tenggara,87T94,Paket Reguler 3 Bintang,2023/09/04
532,Wanita,54,Kalimantan  ,78X93,Paket Reguler 3 Bintang,2023/09/04
533,Wanita,28,Nusa Tenggara,31B63,Paket Reguler 3 Bintang,2023/08/04
534,Pria,63,Jawa,82H33,Paket Reguler 3 Bintang,2023/07/04
535,Pria,46,Jawa,16W51,Paket Reguler 3 Bintang,2023/07/04
536,Wanita,29,Jawa  ,47M89,Paket Reguler 3 Bintang,2023/06/04
537,Wanita,64,Jawa,87H18,Paket Reguler 3 Bintang,2023/06/04
538,Pria,39,Sumatera,64G64,Paket Reguler 3 Bintang,2023/06/04
539,Wanita,47,Sumatera,97W70,Paket Reguler 3 Bintang,2023/06/04
540,Wanita,55,Kalimantan  ,17B58,Paket Reguler 3 Bintang,2023/06/04
541,Pria,42,Nusa Tenggara,35V60,Paket Reguler 3 Bintang,2023/06/04
542,Pria,37,Sumatera,51I16,Paket Reguler 3 Bintang,2023/06/04
543,Pria  ,23,Jawa,82I76,Paket Reguler 3 Bintang,2023/06/04
544,Wanita  ,56,Kalimantan,36G10,Paket Reguler 3 Bintang,2023/06/04
545,Wanita  ,48,Sulawesi,72H20,Paket Reguler 3 Bintang,2023/06/04
546,Pria,32,Kalimantan,65Q47,Paket Reguler 3 Bintang,2023/06/04
547,Pria  ,50,Kalimantan,43Z67,Paket Reguler 3 Bintang,2023/06/04
548,Wanita,34,Nusa Tenggara,28I45,Paket Reguler 3 Bintang,2023/06/04
549,Wanita,40,Sumatera,49T72,Paket Reguler 3 Bintang,2023/06/04
550,Wanita,29,Kalimantan  ,12F29,Paket Reguler 3 Bintang,2023/05/04
551,Pria,60,Kalimantan  ,41H31,Paket Reguler 3 Bintang,2023/05/04
552,Wanita,54,Sulawesi,65I38,Paket Reguler 3 Bintang,2023/04/04
553,Pria,48,Kalimantan,34U36,Paket Reguler 3 Bintang,2023/04/04
554,Pria  ,43,Jawa  ,86S29,Paket Reguler 3 Bintang,2023/04/04
555,Wanita  ,43,Jawa,15F34,Paket Reguler 3 Bintang,2023/04/04
556,Wanita  ,15,Sulawesi,30A24,Paket Reguler 3 Bintang,2023/04/04
557,Pria  ,70,Sulawesi,68L28,Paket Reguler 3 Bintang,2023/04/04
558,Wanita  ,64,Nusa Tenggara,18X78,Paket Reguler 3 Bintang,2023/03/04
559,Wanita  ,66,Jawa,31Z94,Paket Reguler 3 Bintang,2023/03/04
560,Pria  ,56,Jawa  ,84D98,Paket Reguler 3 Bintang,2023/03/04
561,Wanita  ,56,Sulawesi,22R54,Paket Reguler 3 Bintang,2024/02/04
562,Pria  ,57,Sumatera,69D20,Paket Reguler 3 Bintang,2024/02/04
563,Wanita  ,52,Nusa Tenggara,42M63,Paket Reguler 3 Bintang,2024/02/04
564,Pria  ,66,Nusa Tenggara,81U19,Paket Reguler 3 Bintang,2023/02/04
565,Wanita  ,59,Sumatera,87L47,Paket Reguler 3 Bintang,2023/02/04
566,Wanita  ,59,Kalimantan,15R47,Paket Reguler 3 Bintang,2023/01/04
567,Wanita  ,57,Nusa Tenggara,60F67,Paket Reguler 3 Bintang,2023/01/04
568,Wanita  ,45,Nusa Tenggara,11M83,Paket Reguler 3 Bintang,2024/01/04
569,Wanita  ,55,Kalimantan  ,97N54,Paket Reguler 3 Bintang,2024/01/04
570,Pria  ,69,Sulawesi,80H94,Paket Reguler 3 Bintang,2023/05/31
571,Wanita  ,65,Jawa  ,11Z92,Paket Reguler 3 Bintang,2023/05/31
572,Wanita  ,73,Sumatera,79X44,Paket Reguler 3 Bintang,2023/05/31
573,Pria  ,55,Sumatera,57F71,Paket Reguler 3 Bintang,2023/05/30
574,Wanita  ,50,Kalimantan,23D19,Paket Reguler 3 Bintang,2023/05/30
575,Wanita  ,32,Nusa Tenggara,52T34,Paket Reguler 3 Bintang,2023/05/30
576,Wanita  ,53,Kalimantan  ,50F62,Paket Reguler 3 Bintang,2023/05/30
577,Pria  ,23,Nusa Tenggara,86G93,Paket Reguler 3 Bintang,2023/05/29
578,Pria  ,67,Kalimantan  ,59P64,Paket Reguler 3 Bintang,2023/05/29
579,Wanita  ,59,Sulawesi,97R29,Paket Reguler 3 Bintang,2023/05/29
580,Wanita  ,60,Nusa Tenggara,97X55,Paket Reguler 3 Bintang,2023/05/28
581,Pria  ,62,Jawa  ,57I93,Paket Reguler 3 Bintang,2023/05/28
582,Wanita  ,59,Kalimantan,87H10,Paket Reguler 3 Bintang,2023/05/28
583,Pria  ,66,Kalimantan,29I25,Paket Reguler 3 Bintang,2023/05/28
584,Pria  ,67,Jawa,96I79,Paket Reguler 3 Bintang,2023/05/27
585,Wanita  ,60,Jawa,43Y27,Paket Reguler 3 Bintang,2023/05/27
586,Pria  ,21,Sumatera,34Y10,Paket Reguler 3 Bintang,2023/05/27
587,Pria  ,64,Kalimantan  ,50U64,Paket Reguler 3 Bintang,2023/05/26
588,Wanita  ,60,Kalimantan  ,75D51,Paket Reguler 3 Bintang,2023/05/26
589,Pria  ,44,Nusa Tenggara,25B85,Paket Reguler 3 Bintang,2023/05/26
590,Pria  ,50,Kalimantan  ,18L12,Paket Reguler 3 Bintang,2023/05/26
591,Pria  ,50,Jawa,34Z65,Paket Reguler 3 Bintang,2023/05/25
592,Pria  ,35,Kalimantan  ,27A87,Paket Reguler 3 Bintang,2023/05/25
593,Pria  ,42,Jawa  ,23A54,Paket Reguler 3 Bintang,2023/05/25
594,Wanita  ,58,Jawa,55I84,Paket Reguler 3 Bintang,2023/05/24
595,Wanita  ,53,Kalimantan  ,66V89,Paket Reguler 3 Bintang,2023/05/24
596,Pria  ,64,Sumatera,26J11,Paket Reguler 3 Bintang,2023/05/24
597,Wanita  ,63,Kalimantan,38B78,Paket Reguler 3 Bintang,2023/05/23
598,Wanita  ,49,Jawa  ,80H66,Paket Reguler 3 Bintang,2023/05/23
599,Pria  ,45,Kalimantan  ,23D11,Paket Reguler 3 Bintang,2023/05/23
600,Pria  ,44,Jawa  ,78R19,Paket Reguler 3 Bintang,2023/05/22
601,Pria  ,65,Kalimantan,21G85,Paket Reguler 3 Bintang,2023/05/22
602,Wanita  ,57,Sulawesi,62P31,Paket Reguler 3 Bintang,2023/05/22
603,Pria  ,58,Jawa,18V53,Paket Reguler 3 Bintang,2023/05/21
604,Wanita  ,57,Sulawesi,18C80,Paket Reguler 3 Bintang,2023/05/21
605,Wanita  ,42,Sumatera,93R53,Paket Reguler 3 Bintang,2023/05/21
606,Pria  ,72,Sumatera,13G66,Paket Reguler 3 Bintang,2023/05/20
607,Wanita  ,41,Kalimantan,31G57,Paket Reguler 3 Bintang,2023/05/20
608,Pria  ,13,Sumatera,90U11,Paket Reguler 3 Bintang,2023/05/20
609,Pria  ,46,Sulawesi,27Y11,Paket Reguler 3 Bintang,2023/05/19
610,Pria,45,Kalimantan,29L82,Paket Reguler 3 Bintang,2023/05/19
611,Pria,45,Sulawesi,80Y32,Paket Reguler 3 Bintang,2023/05/19
612,Wanita,32,Jawa  ,20T63,Paket Reguler 3 Bintang,2023/05/19
613,Wanita,32,Jawa  ,59I36,Paket Reguler 3 Bintang,2023/05/18
614,Wanita,32,Nusa Tenggara,41L16,Paket Reguler 3 Bintang,2023/05/18
615,Pria,58,Sulawesi,32B98,Paket Reguler 3 Bintang,2023/05/18
616,Pria,58,Sulawesi,37K70,Paket Reguler 3 Bintang,2023/05/17
617,Wanita,40,Kalimantan  ,91C56,Paket Reguler 3 Bintang,2023/05/17
618,Pria,47,Sulawesi,30F55,Paket Reguler 3 Bintang,2023/05/17
619,Pria,58,Kalimantan,25Q92,Paket Reguler 3 Bintang,2023/05/16
620,Wanita,29,Sulawesi,44C76,Paket Reguler 3 Bintang,2023/05/16
621,Wanita,29,Jawa,45F89,Paket Reguler 3 Bintang,2023/05/16
622,Pria,39,Jawa,93V81,Paket Reguler 3 Bintang,2023/05/15
623,Pria,39,Jawa,28R83,Paket Reguler 3 Bintang,2023/05/15
624,Pria,39,Sumatera,60Q97,Paket Reguler 3 Bintang,2023/05/15
625,Wanita,50,Sulawesi,63S67,Paket Reguler 3 Bintang,2023/05/14
626,Pria,37,Sumatera,27Q73,Paket Reguler 3 Bintang,2023/05/14
627,Pria,37,Kalimantan,11B44,Paket Reguler 3 Bintang,2023/05/14
628,Wanita,44,Kalimantan,70M60,Paket Reguler 3 Bintang,2023/05/14
629,Wanita,44,Sumatera,67P65,Paket Reguler 3 Bintang,2023/05/13
630,Wanita,44,Jawa  ,63S42,Paket Reguler 3 Bintang,2023/05/13
631,Pria,55,Nusa Tenggara,88R50,Paket Reguler 3 Bintang,2023/05/13
632,Pria,55,Jawa  ,77X71,Paket Reguler 3 Bintang,2023/12/05
633,Wanita,20,Jawa,44U42,Paket Reguler 3 Bintang,2023/12/05
634,Wanita,20,Jawa,92B40,Paket Reguler 3 Bintang,2023/12/05
635,Pria,48,Sulawesi,29I17,Paket Reguler 3 Bintang,2023/11/05
636,Pria,48,Nusa Tenggara,82P30,Paket Reguler 3 Bintang,2023/11/05
637,Pria,48,Kalimantan  ,87D32,Paket Reguler 3 Bintang,2023/11/05
638,Wanita,41,Jawa,90C39,Paket Reguler 3 Bintang,2023/10/05
639,Wanita,41,Jawa,96G17,Paket Reguler 3 Bintang,2023/10/05
640,Pria,60,Nusa Tenggara,69Y69,Paket Reguler 3 Bintang,2023/10/05
641,Pria,60,Kalimantan,18T26,Paket Reguler 3 Bintang,2023/09/05
642,Wanita,60,Jawa,47G29,Paket Reguler 3 Bintang,2023/09/05
643,Pria,43,Jawa  ,70A11,Paket Reguler 3 Bintang,2023/09/05
644,Wanita,35,Sulawesi,28K37,Paket Reguler 3 Bintang,2023/08/05
645,Pria,35,Jawa,16K24,Paket Reguler 3 Bintang,2023/08/05
646,Wanita,54,Sulawesi,86Y11,Paket Reguler 3 Bintang,2023/08/05
647,Wanita,54,Nusa Tenggara,45G42,Paket Reguler 3 Bintang,2023/07/05
648,Pria,54,Sumatera,97P45,Paket Reguler 3 Bintang,2023/07/05
649,Wanita,29,Kalimantan  ,34A91,Paket Reguler 3 Bintang,2023/07/05
650,Pria,34,Kalimantan  ,18L53,Paket Reguler 3 Bintang,2023/06/30
651,Pria,47,Sumatera,30G12,Paket Reguler 3 Bintang,2023/06/30
652,Wanita,39,Sumatera,83F66,Paket Reguler 3 Bintang,2023/06/30
653,Wanita,50,Sumatera,48N22,Paket Reguler 3 Bintang,2023/06/29
654,Pria,42,Sulawesi,66G41,Paket Reguler 3 Bintang,2023/06/29
655,Wanita,28,Sulawesi,48W30,Paket Reguler 3 Bintang,2023/06/29
656,Pria,51,Sulawesi,22B37,Paket Reguler 3 Bintang,2023/06/28
657,Wanita,29,Nusa Tenggara,62N30,Paket Reguler 3 Bintang,2023/06/28
658,Pria,35,Sumatera,65Z29,Paket Reguler 3 Bintang,2023/06/28
659,Pria,60,Sulawesi,75H98,Paket Reguler 3 Bintang,2023/06/27
660,Wanita,41,Sumatera,33X82,Paket Reguler 3 Bintang,2023/06/27
661,Pria,55,Sumatera  ,78A95,Paket Reguler 3 Bintang,2023/06/27
662,Pria,48,Jawa  ,60M48,Paket Reguler 3 Bintang,2023/06/26
663,Wanita,37,Sulawesi,20D74,Paket Reguler 3 Bintang,2023/06/26
664,Pria,30,Jawa,32A61,Paket Reguler 3 Bintang,2023/06/26
665,Pria,45,Sulawesi,32S86,Paket Reguler 3 Bintang,2023/06/25
666,Wanita,38,Kalimantan  ,96G62,Paket Reguler 3 Bintang,2023/06/25
667,Wanita,53,Sumatera,18F43,Paket Reguler 3 Bintang,2023/06/25
668,Pria,32,Sulawesi,54X63,Paket Reguler 3 Bintang,2023/06/24
669,Wanita,27,Nusa Tenggara,90K38,Paket Reguler 3 Bintang,2023/06/24
670,Pria,46,Sumatera,85G59,Paket Reguler 3 Bintang,2023/06/24
671,Wanita,50,Jawa,63I32,Paket Reguler 3 Bintang,2023/06/23
672,Wanita,39,Kalimantan  ,58X57,Paket Reguler 3 Bintang,2023/06/23
673,Pria,43,Sulawesi,29N36,Paket Reguler 3 Bintang,2023/06/23
674,Pria,54,Sulawesi,28C64,Paket Reguler 3 Bintang,2023/06/22
675,Pria,36,Kalimantan,38T86,Paket Reguler 3 Bintang,2023/06/22
676,Wanita,58,Jawa  ,56B51,Paket Plus B,2023/06/22
677,Wanita,40,Sumatera,10O92,Paket Plus B,2023/06/21
678,Pria,29,Nusa Tenggara,94F28,Paket Plus B,2023/06/21
679,Pria,31,Sumatera,39K94,Paket Plus B,2023/06/21
680,Wanita,47,Sumatera,78I59,Paket Plus B,2023/06/20
681,Wanita,,Kalimantan,25W27,Paket Plus B,2023/06/20
682,Pria,,Sumatera,67V84,Paket Plus B,2023/06/20
683,Wanita,,Nusa Tenggara,58D45,Paket Plus B,2023/06/19
684,Pria,,Jawa  ,67I60,Paket Plus B,2023/06/19
685,Wanita,,Nusa Tenggara,66M32,Paket Plus B,2023/06/19
686,Pria,53,Kalimantan  ,71W79,Paket Plus B,2023/06/18
687,Pria,41,Sulawesi,59T30,Paket Plus B,2023/06/18
688,Pria,34,Nusa Tenggara,95X14,Paket Plus B,2023/06/18
689,Wanita,45,Sulawesi,25C56,Paket Plus B,2023/06/17
690,Pria,38,Jawa  ,19G68,Paket Plus B,2023/06/17
691,Pria,31,Sumatera,98Y24,Paket Plus B,2023/06/17
692,Wanita,49,Jawa,76I19,Paket Plus B,2023/06/16
693,Wanita,58,Jawa,15P75,Paket Plus B,2023/06/16
694,Pria,40,Sulawesi,47W18,Paket Plus B,2023/06/16
695,Wanita,29,Nusa Tenggara,21G83,Paket Plus B,2023/06/15
696,Pria,47,Sumatera,58Z98,Paket Plus B,2023/06/15
697,Pria,53,Kalimantan  ,76P32,Paket Plus B,2023/06/15
698,Pria,36,Nusa Tenggara,87T94,Paket Plus B,2023/06/14
699,Wanita,55,Sulawesi,78X93,Paket Plus B,2023/06/14
700,Pria,33,Nusa Tenggara,31B63,Paket Plus B,2023/06/14
701,Pria,46,Jawa,82H33,Paket Plus B,2023/06/13
702,Wanita,38,Jawa,16W51,Paket Plus B,2023/06/13
703,Wanita,49,Jawa  ,47M89,Paket Plus B,2023/06/13
704,Pria,50,Kalimantan,87H18,Paket Plus B,2023/12/06
705,Wanita,28,Sulawesi,64G64,Paket Plus B,2023/12/06
706,Pria,53,Sulawesi,97W70,Paket Reguler 4 Bintang,2023/12/06
707,Wanita,31,Nusa Tenggara,17B58,Paket Reguler 4 Bintang,2023/11/06
708,Pria,37,Sulawesi,35V60,Paket Reguler 4 Bintang,2023/11/06
709,Pria,60,Jawa  ,51I16,Paket Reguler 4 Bintang,2023/11/06
710,Wanita,41,Kalimantan,82I76,Paket Reguler 4 Bintang,2023/10/06
711,Pria,57,Jawa,36G10,Paket Reguler 4 Bintang,2023/10/06
712,Pria,48,Sulawesi,72H20,Paket Reguler 4 Bintang,2023/10/06
713,Pria,42,Jawa  ,65Q47,Paket Reguler 4 Bintang,2023/10/06
714,Wanita,28,Nusa Tenggara,43Z67,Paket Reguler 4 Bintang,2023/10/06
715,Pria,51,Kalimantan  ,28I45,Paket Reguler 4 Bintang,2023/10/06
716,Wanita,29,Nusa Tenggara,49T72,Paket Reguler 4 Bintang,2023/10/06
717,Wanita,40,Kalimantan  ,12F29,Paket Reguler 4 Bintang,2023/09/06
718,Pria,30,Sulawesi,41H31,Paket Reguler 4 Bintang,2023/09/06
719,Pria,45,Sumatera,65I38,Paket Reguler 4 Bintang,2023/09/06
720,Wanita,38,Nusa Tenggara,34U36,Paket Reguler 4 Bintang,2023/08/06
721,Wanita,55,Jawa,86S29,Paket Reguler 4 Bintang,2023/08/06
722,Pria,32,Kalimantan  ,15F34,Paket Reguler 4 Bintang,2023/08/06
723,Wanita,27,Jawa  ,30A24,Paket Reguler 4 Bintang,2023/07/06
724,Pria,46,Jawa  ,68L28,Paket Reguler 4 Bintang,2023/07/06
725,Wanita,50,Sulawesi,18X78,Paket Reguler 4 Bintang,2023/07/06
726,Wanita,39,Sulawesi,31Z94,Paket Reguler 4 Bintang,2023/06/06
727,Pria,43,Jawa,84D98,Paket Reguler 4 Bintang,2023/06/06
728,Pria,54,Kalimantan  ,22R54,Paket Reguler 4 Bintang,2023/06/06
729,Pria,36,Sulawesi,69D20,Paket Reguler 4 Bintang,2023/05/06
730,Wanita,58,Sulawesi,42M63,Paket Reguler 4 Bintang,2023/05/06
731,Wanita,40,Jawa,81U19,Paket Reguler 4 Bintang,2023/05/06
732,Pria,29,Sumatera,87L47,Paket Reguler 4 Bintang,2023/04/06
733,Pria,31,Sulawesi,15R47,Paket Reguler 4 Bintang,2023/04/06
734,Wanita,47,Jawa  ,60F67,Paket Reguler 4 Bintang,2023/04/06
735,Wanita,50,Kalimantan,11M83,Paket Reguler 4 Bintang,2023/03/06
736,Pria,42,Sulawesi,97N54,Paket Reguler 4 Bintang,2023/03/06
737,Wanita,37, Jawa  ,80H94,Paket Reguler 4 Bintang,2023/03/06
738,Pria,28,Jawa  ,11Z92,Paket Reguler 4 Bintang,2023/03/06
739,Wanita,52,Jawa  ,79X44,Paket Reguler 4 Bintang,2023/03/06
740,Pria,53,Nusa Tenggara,57F71,Paket Reguler 4 Bintang,2023/03/06
741,Pria,41,Sumatera  ,23D19,Paket Reguler 4 Bintang,2024/02/06
742,Pria,34,Jawa,52T34,Paket Reguler 4 Bintang,2024/02/06
743,Wanita,45,Jawa  ,50F62,Paket Reguler 4 Bintang,2024/02/06
744,Pria,38,Sumatera,86G93,Paket Reguler 4 Bintang,2024/02/06
745,Pria,31,Sulawesi,59P64,Paket Reguler 4 Bintang,2023/02/06
746,Wanita,49,Kalimantan  ,97R29,Paket Reguler 4 Bintang,2023/02/06
747,Wanita,58,Kalimantan,97X55,Paket Reguler 4 Bintang,2023/02/06
748,Pria,40,Kalimantan  ,57I93,Paket Reguler 4 Bintang,2023/02/06
749,Wanita,29,Nusa Tenggara,87H10,Paket Reguler 4 Bintang,2023/02/06
750,Pria,47,Jawa,29I25,Paket Reguler 4 Bintang,2023/01/06
751,Pria,53,Jawa  ,96I79,Paket Reguler 4 Bintang,2023/01/06
752,Pria,36,Jawa  ,43Y27,Paket Reguler 4 Bintang,2023/01/06
753,Wanita,55,Jawa,34Y10,Paket Reguler 4 Bintang,2023/01/06
754,Pria,48,Sumatera,50U64,Paket Reguler 4 Bintang,2023/01/06
755,Wanita,51,Jawa  ,75D51,Paket Reguler 4 Bintang,2024/01/06
756,Wanita,37,Nusa Tenggara,25B85,Paket Reguler 4 Bintang,2024/01/06
757,Pria,42,Sumatera,18L12,Paket Reguler 4 Bintang,2024/01/06
758,Wanita,43,Kalimantan,34Z65,Paket Reguler 4 Bintang,2024/01/06
759,Wanita  ,59,Jawa,27A87,Paket Reguler 4 Bintang,2023/07/31
760,Wanita  ,65,Kalimantan,23A54,Paket Reguler 4 Bintang,2023/07/31
761,Pria  ,43,Sumatera,55I84,Paket Reguler 4 Bintang,2023/07/31
762,Wanita  ,23,Nusa Tenggara,66V89,Paket Reguler 4 Bintang,2023/07/31
763,Wanita  ,43,Jawa,26J11,Paket Reguler 4 Bintang,2023/07/30
764,Pria  ,28,Nusa Tenggara,38B78,Paket Reguler 4 Bintang,2023/07/30
765,Wanita  ,25,Sulawesi,80H66,Paket Reguler 4 Bintang,2023/07/30
766,Pria  ,59,Kalimantan  ,23D11,Paket Reguler 4 Bintang,2023/07/30
767,Wanita  ,50,Jawa,78R19,Paket Reguler 4 Bintang,2023/07/30
768,Wanita  ,29,Sulawesi,21G85,Paket Reguler 4 Bintang,2023/07/29
769,Wanita  ,55,Jawa  ,62P31,Paket Reguler 4 Bintang,2023/07/29
770,Wanita  ,50,Jawa,18V53,Paket Reguler 4 Bintang,2023/07/29
771,Wanita  ,62,Kalimantan,18C80,Paket Reguler 4 Bintang,2023/07/29
772,Wanita  ,60,Sulawesi,93R53,Paket Reguler 4 Bintang,2023/07/28
773,Wanita  ,29,Kalimantan  ,13G66,Paket Reguler 4 Bintang,2023/07/28
774,Pria  ,48,Jawa,31G57,Paket Reguler 4 Bintang,2023/07/28
775,Pria,34,Jawa,90U11,Paket Reguler 4 Bintang,2023/07/28
776,Pria,47,Sulawesi,27Y11,Paket Reguler 4 Bintang,2023/07/27
777,Wanita,39,Kalimantan  ,29L82,Paket Reguler 4 Bintang,2023/07/27
778,Wanita,50,Jawa,80Y32,Paket Reguler 4 Bintang,2023/07/27
779,Pria,42,Sumatera,20T63,Paket Reguler 4 Bintang,2023/07/27
780,Wanita,28,Jawa,59I36,Paket Reguler 4 Bintang,2023/07/26
781,Pria,51,Sulawesi,41L16,Paket Reguler 4 Bintang,2023/07/26
782,Wanita,29,Kalimantan  ,32B98,Paket Reguler 4 Bintang,2023/07/26
783,Pria,35,Nusa Tenggara,37K70,Paket Reguler 4 Bintang,2023/07/26
784,Pria,60,Jawa  ,91C56,Paket Reguler 4 Bintang,2023/07/25
785,Wanita,41,Jawa,30F55,Paket Reguler 4 Bintang,2023/07/25
786,Pria,55,Kalimantan,25Q92,Paket Reguler 4 Bintang,2023/07/25
787,Pria,48,Nusa Tenggara,44C76,Paket Reguler 4 Bintang,2023/07/25
788,Wanita,37,Sumatera,45F89,Paket Reguler 4 Bintang,2023/07/24
789,Pria,30,Kalimantan,93V81,Paket Reguler 4 Bintang,2023/07/24
790,Pria,45,Jawa,28R83,Paket Reguler 4 Bintang,2023/07/24
791,Wanita,38,Sumatera,60Q97,Paket Reguler 4 Bintang,2023/07/24
792,Wanita,53,Kalimantan,63S67,Paket Reguler 4 Bintang,2023/07/24
793,Pria,32,Kalimantan,27Q73,Paket Reguler 4 Bintang,2023/07/23
794,Wanita,27,Jawa  ,11B44,Paket Reguler 4 Bintang,2023/07/23
795,Pria,46,Kalimantan  ,70M60,Paket Reguler 4 Bintang,2023/07/23
796,Wanita,50,Jawa,67P65,Paket Reguler 4 Bintang,2023/07/23
797,Wanita,39,Sulawesi,63S42,Paket Reguler 4 Bintang,2023/07/22
798,Pria,43,Sulawesi,88R50,Paket Reguler 4 Bintang,2023/07/22
799,Pria,54,Sulawesi,77X71,Paket Reguler 4 Bintang,2023/07/22
800,Pria,36,Nusa Tenggara,44U42,Paket Reguler 4 Bintang,2023/07/22
801,Wanita,58,Nusa Tenggara,92B40,Paket Reguler 4 Bintang,2023/07/21
802,Wanita,40,Kalimantan,29I17,Paket Reguler 4 Bintang,2023/07/21
803,Pria,29,Sumatera,82P30,Paket Reguler 4 Bintang,2023/07/21
804,Pria,31,Sulawesi,87D32,Paket Reguler 4 Bintang,2023/07/21
805,Wanita,47,Kalimantan  ,90C39,Paket Reguler 4 Bintang,2023/07/20
806,Wanita,50,Jawa  ,96G17,Paket Reguler 4 Bintang,2023/07/20
807,Pria,42,Nusa Tenggara,69Y69,Paket Reguler 4 Bintang,2023/07/20
808,Wanita,37, Jawa  ,18T26,Paket Reguler 4 Bintang,2023/07/20
809,Pria,34,Jawa,47G29,Paket Reguler 4 Bintang,2023/07/19
810,Pria,47,Sumatera,70A11,Paket Reguler 4 Bintang,2023/07/19
811,Wanita,39,Sumatera,28K37,Paket Reguler 4 Bintang,2023/07/19
812,Wanita,50,Nusa Tenggara,16K24,Paket Reguler 4 Bintang,2023/07/19
813,Pria,42,Sulawesi,86Y11,Paket Reguler 4 Bintang,2023/07/18
814,Wanita,28,Jawa,45G42,Paket Reguler 4 Bintang,2023/07/18
815,Pria,51,Sulawesi,97P45,Paket Reguler 4 Bintang,2023/07/18
816,Wanita,29,Kalimantan,34A91,Paket Reguler 4 Bintang,2023/07/18
817,Pria,35,Jawa,18L53,Paket Reguler 4 Bintang,2023/07/17
818,Pria,60,Sulawesi,30G12,Paket Reguler 4 Bintang,2023/07/17
819,Wanita,41, Jawa  ,83F66,Paket Reguler 4 Bintang,2023/07/17
820,Pria,55,Kalimantan,48N22,Paket Reguler 4 Bintang,2023/07/17
821,Pria,48,Kalimantan  ,66G41,Paket Reguler 4 Bintang,2023/07/16
822,Wanita,37,Sulawesi,48W30,Paket Reguler 4 Bintang,2023/07/16
823,Pria,30,Nusa Tenggara,22B37,Paket Reguler 4 Bintang,2023/07/16
824,Pria,45,Jawa,62N30,Paket Reguler 4 Bintang,2023/07/16
825,Wanita,38,Kalimantan  ,65Z29,Paket Reguler 4 Bintang,2023/07/15
826,Wanita,53,Kalimantan  ,75H98,Paket Reguler 4 Bintang,2023/07/15
827,Pria,32,Sulawesi,33X82,Paket Reguler 4 Bintang,2023/07/15
828,Wanita,27,Sumatera,78A95,Paket Reguler 4 Bintang,2023/07/15
829,Pria,46,Sumatera,60M48,Paket Reguler 4 Bintang,2023/07/14
830,Wanita,50,Jawa,20D74,Paket Reguler 4 Bintang,2023/07/14
831,Wanita,39,Nusa Tenggara,32A61,Paket Reguler 4 Bintang,2023/07/14
832,Pria,43,Kalimantan  ,32S86,Paket Reguler 4 Bintang,2023/07/14
833,Pria,54,Jawa,96G62,Paket Reguler 4 Bintang,2023/07/14
834,Pria,36,Nusa Tenggara,18F43,Paket Reguler 4 Bintang,2023/07/13
835,Wanita,,Jawa,54X63,Paket Reguler 4 Bintang,2023/07/13
836,Wanita,,Kalimantan  ,90K38,Paket Reguler 4 Bintang,2023/07/13
837,Pria,29,Nusa Tenggara,85G59,Paket Reguler 4 Bintang,2023/07/13
838,Pria,31,Sulawesi,63I32,Paket Reguler 4 Bintang,2023/12/07
839,Wanita,47,Sulawesi,58X57,Paket Reguler 4 Bintang,2023/12/07
840,Wanita,,Sulawesi,29N36,Paket Reguler 4 Bintang,2023/12/07
841,Pria,42,Kalimantan  ,28C64,Paket Reguler 4 Bintang,2023/12/07
842,Wanita,37,Sulawesi,38T86,Paket Reguler 4 Bintang,2023/11/07
843,Pria,28,Jawa,56B51,Paket Reguler 4 Bintang,2023/11/07
844,Wanita,52,Sumatera,10O92,Paket Reguler 4 Bintang,2023/11/07
845,Pria,53,Jawa  ,94F28,Paket Reguler 4 Bintang,2023/11/07
846,Pria,,Kalimantan,39K94,Paket Reguler 4 Bintang,2023/10/07
847,Pria,34,Sulawesi,78I59,Paket Reguler 4 Bintang,2023/10/07
848,Wanita,45,Kalimantan,25W27,Paket Reguler 4 Bintang,2023/10/07
849,Pria,38,Jawa,67V84,Paket Reguler 4 Bintang,2023/10/07
850,Pria,31,Kalimantan  ,58D45,Paket Reguler 4 Bintang,2023/09/07
851,Wanita,49,Sulawesi,67I60,Paket Reguler 4 Bintang,2023/09/07
852,Wanita,58,Sulawesi,66M32,Paket Reguler 4 Bintang,2023/09/07
853,Pria,40,Sulawesi,71W79,Paket Reguler 4 Bintang,2023/09/07
854,Wanita,29,Sulawesi,59T30,Paket Reguler 4 Bintang,2023/08/07
855,Pria,47,Kalimantan,95X14,Paket Reguler 4 Bintang,2023/08/07
856,Pria,53,Sulawesi,25C56,Paket Reguler 4 Bintang,2023/08/07
857,Pria,36,Kalimantan,19G68,Paket Reguler 4 Bintang,2023/08/07
858,Wanita,55,Jawa,98Y24,Paket Reguler 4 Bintang,2023/07/07
859,Pria,48,Sulawesi,45A19,Paket Reguler 4 Bintang,2023/07/07
860,Wanita,51,Sumatera,21F26,Paket Reguler 4 Bintang,2023/07/07
861,Wanita,37,Kalimantan,89K17,Paket Reguler 4 Bintang,2023/07/07
862,Pria,42,Nusa Tenggara,90I78,Paket Reguler 4 Bintang,2023/06/07
863,Wanita,43,Jawa,19K41,Paket Reguler 4 Bintang,2023/06/07
864,Pria,39,Sumatera,24L88,Paket Reguler 4 Bintang,2023/06/07
865,Wanita,29,Jawa,84I60,Paket Reguler 4 Bintang,2023/06/07
866,Pria,45,Sulawesi,43I36,Paket Reguler 4 Bintang,2023/05/07
867,Pria,50,Sumatera,74N30,Paket Reguler 4 Bintang,2023/05/07
868,Wanita,38,Kalimantan,30L26,Paket Reguler 4 Bintang,2023/01/07
869,Wanita,38,Nusa Tenggara,51G17,Paket Reguler 4 Bintang,2023/01/07
870,Pria,34,Jawa,26D64,Paket Reguler 4 Bintang,2023/08/31
871,Pria,34,Sulawesi,70H10,Paket Reguler 4 Bintang,2023/08/31
872,Wanita,39,Kalimantan  ,31J36,Paket Reguler 4 Bintang,2023/08/30
873,Wanita,39,Sumatera,93G51,Paket Reguler 4 Bintang,2023/08/30
874,Pria,42,Sulawesi,92K35,Paket Reguler 4 Bintang,2023/08/29
875,Wanita,28,Jawa,68J58,Paket Reguler 4 Bintang,2023/08/29
876,Pria,51,Sulawesi,56F11,Paket Reguler 4 Bintang,2023/08/28
877,Pria,51,Jawa,22Z44,Paket Reguler 4 Bintang,2023/08/28
878,Pria,35,Jawa  ,42P50,Paket Reguler 4 Bintang,2023/08/28
879,Wanita,35,Sulawesi,77H63,Paket Reguler 4 Bintang,2023/08/27
880,Wanita,41,Nusa Tenggara,60D67,Paket Reguler 4 Bintang,2023/08/27
881,Pria,55,Sulawesi,41N24,Paket Reguler 4 Bintang,2023/08/26
882,Pria,56,Jawa,44D92,Paket Reguler 4 Bintang,2023/08/26
883,Wanita,37,Sulawesi,78J12,Paket Reguler 4 Bintang,2023/08/25
884,Pria,30,Jawa,53A89,Paket Reguler 4 Bintang,2023/08/25
885,Pria,30,Sumatera,39B92,Paket Reguler 4 Bintang,2023/08/25
886,Wanita,38,Kalimantan,24C29,Paket Reguler 4 Bintang,2023/08/24
887,Wanita,38,Sulawesi,38Z93,Paket Reguler 4 Bintang,2023/08/24
888,Pria,32,Kalimantan  ,13A13,Paket Reguler 4 Bintang,2023/08/23
889,Pria,32,Sulawesi,42G13,Paket Reguler 4 Bintang,2023/08/23
890,Pria,46,Nusa Tenggara,19Z55,Paket Reguler 4 Bintang,2023/08/22
891,Pria,46,Kalimantan  ,69M98,Paket Reguler 4 Bintang,2023/08/22
892,Wanita,39,Kalimantan  ,16C69,Paket Reguler 4 Bintang,2023/08/21
893,Wanita,39,Sumatera,35C90,Paket Reguler 4 Bintang,2023/08/21
894,Pria,54,Jawa  ,88B76,Paket Reguler 4 Bintang,2023/08/21
895,Pria,54,Sumatera,26V73,Paket Reguler 4 Bintang,2023/08/20
896,Wanita,58,Kalimantan  ,29Z38,Paket Reguler 4 Bintang,2023/08/20
897,Wanita,58,Sulawesi,72U95,Paket Reguler 4 Bintang,2023/08/19
898,Pria,29,Sulawesi,60Y84,Paket Reguler 4 Bintang,2023/08/19
899,Pria,31,Sulawesi,90F60,Paket Reguler 4 Bintang,2023/08/18
900,Pria,47,Kalimantan  ,64Y43,Paket Reguler 4 Bintang,2023/08/18
901,Pria,47,Kalimantan,84U51,Paket Reguler 4 Bintang,2023/08/17
902,Wanita,42,Sulawesi,77C89,Paket Reguler 4 Bintang,2023/08/17
903,Wanita,37,Jawa,95B20,Paket Reguler 4 Bintang,2023/08/16
904,Wanita,37,Nusa Tenggara,30N53,Paket Reguler 4 Bintang,2023/08/16
905,Wanita,37,Kalimantan  ,87N95,Paket Reguler 4 Bintang,2023/08/15
906,Pria,28,Sulawesi,93F77,Paket Reguler 4 Bintang,2023/08/15
907,Pria,28,Jawa  ,39W55,Paket Reguler 4 Bintang,2023/08/15
908,Wanita,58,Sulawesi,67L73,Paket Reguler 4 Bintang,2023/08/16
909,Wanita,58,Nusa Tenggara,42A59,Paket Reguler 4 Bintang,2023/08/15
910,Wanita,40,Sulawesi,33J79,Paket Reguler 4 Bintang,2023/08/15
911,Wanita,40,Nusa Tenggara,14X22,Paket Reguler 4 Bintang,2023/08/15
912,Pria,37,Jawa  ,59K75,Paket Reguler 4 Bintang,2023/08/15
913,Pria,53,Jawa,96N26,Paket Reguler 4 Bintang,2023/08/14
914,Wanita,41,Sulawesi,35X94,Paket Reguler 4 Bintang,2023/08/14
915,Wanita,41,Sulawesi,79P89,Paket Reguler 4 Bintang,2023/08/13
916,Pria,31,Kalimantan,46J83,Paket Reguler 4 Bintang,2023/08/13
917,Pria,31,Nusa Tenggara,74G94,Paket Reguler 4 Bintang,2023/12/08
918,Wanita,58,Jawa  ,81C15,Paket Reguler 4 Bintang,2023/12/08
919,Wanita,58,Sumatera,12J49,Paket Reguler 4 Bintang,2023/12/08
920,Pria,40,Jawa,40D92,Paket Reguler 4 Bintang,2023/11/08
921,Pria,40,Jawa  ,41W61,Paket Reguler 4 Bintang,2023/11/08
922,Wanita,47,Jawa,53Z85,Paket Reguler 4 Bintang,2023/10/08
923,Wanita,47,Sulawesi,31X62,Paket Reguler 4 Bintang,2023/10/08
924,Pria  ,63,Sulawesi,13I38,Paket Reguler 4 Bintang,2023/10/08
925,Wanita  ,63,Nusa Tenggara,20X95,Paket Reguler 4 Bintang,2023/10/08
926,Wanita  ,49,Jawa,46P69,Paket Reguler 4 Bintang,2023/10/08
927,Wanita  ,43,Sulawesi,54G18,Paket Reguler 4 Bintang,2023/10/08
928,Wanita  ,58,Sulawesi,55W40,Paket Reguler 4 Bintang,2023/10/08
929,Wanita,36,Sulawesi,93I16,Paket Reguler 4 Bintang,2023/10/08
930,Pria,36,Kalimantan,45I59,Paket Reguler 4 Bintang,2023/10/08
931,Pria,55,Sumatera,88C47,Paket Reguler 4 Bintang,2023/08/08
932,Wanita,55,Jawa  ,28V98,Paket Reguler 4 Bintang,2023/08/08
933,Wanita,48,Kalimantan,33A79,Paket Reguler 4 Bintang,2023/08/08
934,Pria,51,Jawa,92Z57,Paket Reguler 4 Bintang,2023/08/08
935,Pria,51,Kalimantan  ,64K87,Paket Reguler 4 Bintang,2023/06/08
936,Pria,37,Sumatera,56Z48,Paket Reguler 4 Bintang,2023/06/08
937,Wanita,42,Jawa  ,19J33,Paket Reguler 4 Bintang,2023/06/09
938,Wanita,43,Jawa,44K49,Paket Reguler 4 Bintang,2023/06/10
939,Pria,43,Kalimantan  ,40X31,Paket Reguler 4 Bintang,2023/06/11
940,Pria,52,Sumatera,26G92,Paket Reguler 4 Bintang,2023/02/08
941,Pria  ,52,Sulawesi,72K20,Paket Reguler 4 Bintang,2023/09/30
942,Wanita  ,43,Kalimantan,53M49,Paket Reguler 4 Bintang,2023/09/30
943,Pria  ,51,Nusa Tenggara,91B40,Paket Reguler 4 Bintang,2023/09/30
944,Wanita  ,49,Sumatera,65D30,Paket Reguler 4 Bintang,2023/09/30
945,Wanita  ,46,Sumatera,77M87,Paket Reguler 4 Bintang,2023/09/29
946,Wanita  ,55,Nusa Tenggara,68N52,Paket Reguler 4 Bintang,2023/09/29
947,Wanita  ,61,Sulawesi,22K11,Paket Reguler 4 Bintang,2023/09/29
948,Pria  ,51,Kalimantan  ,15C22,Paket Reguler 4 Bintang,2023/09/28
949,Wanita  ,48,Nusa Tenggara,14N36,Paket Reguler 4 Bintang,2023/09/28
950,Wanita  ,20,Jawa  ,34K71,Paket Reguler 4 Bintang,2023/09/28
951,Pria  ,18,Nusa Tenggara,66I55,Paket Reguler 4 Bintang,2023/09/28
952,Wanita  ,49,Jawa,21X59,Paket Reguler 4 Bintang,2023/09/28
953,Wanita  ,17,Kalimantan,54F70,Paket Reguler 4 Bintang,2023/09/28
954,Pria  ,57,Sumatera,48K53,Paket Reguler 4 Bintang,2023/09/28
955,Wanita  ,72,Sulawesi,62W55,Paket Reguler 4 Bintang,2023/09/27
956,Wanita  ,53,Jawa,25T30,Paket Reguler 4 Bintang,2023/09/27
957,Pria  ,48,Jawa,38H20,Paket Reguler 4 Bintang,2023/09/27
958,Wanita  ,33,Sumatera  ,27L33,Paket Reguler 4 Bintang,2023/09/27
959,Wanita  ,66,Kalimantan,85T85,Paket Reguler 4 Bintang,2023/09/26
960,Wanita  ,46,Sulawesi,92P11,Paket Reguler 4 Bintang,2023/09/26
961,Wanita  ,62,Sulawesi,63B37,Paket Reguler 4 Bintang,2023/09/26
962,Wanita  ,66,Kalimantan  ,94Y39,Paket Reguler 4 Bintang,2023/09/26
963,Pria,65,Sumatera,12C99,Paket Reguler 4 Bintang,2023/09/26
964,Pria,62,Kalimantan  ,79G70,Paket Reguler 4 Bintang,2023/09/26
965,Pria,53,Nusa Tenggara,73H60,Paket Reguler 4 Bintang,2023/09/26
966,Wanita  ,54,Nusa Tenggara,18B17,Paket Reguler 4 Bintang,2023/09/26
967,Wanita  ,51,Sumatera,33B19,Paket Reguler 4 Bintang,2023/09/26
968,Wanita  ,44,Sumatera,76G22,Paket Reguler 4 Bintang,2023/09/26
969,Wanita  ,58,Jawa  ,78L30,Paket Reguler 4 Bintang,2023/09/26
970,Wanita  ,28,Kalimantan  ,50B45,Paket Reguler 4 Bintang,2023/09/26
971,Pria  ,37,Sulawesi,49M41,Paket Reguler 4 Bintang,2023/09/26
972,Wanita  ,39,Sulawesi,42X14,Paket Reguler 4 Bintang,2023/09/23
973,Wanita  ,52,Jawa,14L74,Paket Reguler 4 Bintang,2023/09/23
974,Pria  ,62,Sumatera,66K89,Paket Reguler 4 Bintang,2023/09/23
975,Wanita  ,66,Kalimantan,24A47,Paket Reguler 4 Bintang,2023/09/23
976,Wanita  ,54,Sulawesi,88X85,Paket Reguler 4 Bintang,2023/09/23
977,Wanita  ,64,Nusa Tenggara,52C66,Paket Reguler 4 Bintang,2023/09/23
978,Wanita  ,28,Jawa  ,32K79,Paket Reguler 4 Bintang,2023/09/23
979,Wanita  ,55,Sumatera,34H28,Paket Reguler 4 Bintang,2023/09/23
980,Pria  ,57,Sulawesi,23K45,Paket Reguler 4 Bintang,2023/09/22
981,Pria  ,42,Sumatera,48F10,Paket Reguler 4 Bintang,2023/09/23
982,Pria  ,44,Nusa Tenggara,10H19,Paket Reguler 4 Bintang,2023/09/23
983,Pria  ,36,Nusa Tenggara,77J34,Paket Reguler 4 Bintang,2023/09/23
984,Wanita  ,59,Sulawesi,91Q94,Paket Reguler 4 Bintang,2023/09/23
985,Wanita  ,55,Nusa Tenggara,81K38,Paket Reguler 4 Bintang,2023/09/23
986,Pria  ,48,Jawa  ,51L94,Paket Reguler 4 Bintang,2023/09/22
987,Wanita  ,52,Kalimantan  ,79Q28,Paket Reguler 4 Bintang,2023/09/22
988,Wanita  ,68,Nusa Tenggara,36K41,Paket Reguler 4 Bintang,2023/09/22
989,Pria  ,61,Kalimantan  ,90L52,Paket Reguler 4 Bintang,2023/09/22
990,Wanita  ,52,Jawa,39Y87,Paket Reguler 4 Bintang,2023/09/21
991,Pria  ,44,Sulawesi,50X76,Paket Reguler 4 Bintang,2023/09/21
992,Wanita  ,43,Sumatera,35J33,Paket Reguler 4 Bintang,2023/09/21
993,Pria  ,14,Sulawesi,94I49,Paket Reguler 4 Bintang,2023/09/21
994,Pria  ,10,Sulawesi,27B95,Paket Reguler 4 Bintang,2023/09/20
995,Pria  ,76,Jawa,73N33,Paket Reguler 4 Bintang,2023/09/20
996,Pria  ,46,Jawa,16X43,Paket Reguler 4 Bintang,2023/09/20
997,Pria  ,,Sumatera,46G36,Paket Reguler 4 Bintang,2023/09/20
998,Wanita  ,,Jawa,36W57,Paket Reguler 4 Bintang,2023/09/19
999,Pria  ,,Sulawesi,12K42,Paket Reguler 4 Bintang,2023/09/19
1000,Wanita  ,,Jawa  ,91X30,Paket Reguler 4 Bintang,2023/09/19
1001,Wanita  ,,Sulawesi,95D76,Paket Reguler 4 Bintang,2023/09/19
1002,Pria  ,56,Sumatera,96S67,Paket Reguler 4 Bintang,2023/09/18
1003,Pria  ,57,Jawa,55O37,Paket Reguler 4 Bintang,2023/09/18
1004,Pria  ,45,Sumatera,67G33,Paket Reguler 4 Bintang,2023/09/18
1005,Pria  ,41,Jawa,99P93,Paket Reguler 4 Bintang,2023/09/18
1006,Wanita  ,53,Jawa,48A32,Paket Reguler 4 Bintang,2023/09/17
1007,Pria  ,44,Sulawesi,79H73,Paket Reguler 4 Bintang,2023/09/17
1008,Wanita  ,32,Sulawesi,74D90,Paket Reguler 4 Bintang,2023/09/17
1009,Pria  ,10,Jawa,53G97,Paket Reguler 4 Bintang,2023/09/17
1010,Wanita  ,5,Nusa Tenggara,72K10,Paket Reguler 4 Bintang,2023/09/16
1011,Wanita  ,32,Nusa Tenggara,73U16,Paket Reguler 4 Bintang,2023/09/16
1012,Wanita  ,45,Jawa  ,64G97,Paket Reguler 4 Bintang,2023/09/16
1013,Wanita  ,57,Jawa,58A26,Paket Reguler 4 Bintang,2023/09/16
1014,Pria  ,48,Sulawesi,11I62,Paket Reguler 4 Bintang,2023/09/15
1015,Pria  ,42,Nusa Tenggara,25O68,Paket Reguler 4 Bintang,2023/09/15
1016,Pria  ,51,Jawa  ,27M46,Paket Reguler 4 Bintang,2023/09/15
1017,Pria  ,20,Sumatera,72O67,Paket Reguler 4 Bintang,2023/09/15
1018,Wanita  ,77,Kalimantan,52H69,Paket Reguler 4 Bintang,2023/09/14
1019,Pria  ,46,Sumatera,73R65,Paket Reguler 4 Bintang,2023/09/14
1020,Pria  ,16,Kalimantan,18G33,Paket Reguler 4 Bintang,2023/09/14
1021,Pria  ,33,Kalimantan  ,45A30,Paket Reguler 4 Bintang,2023/09/14
1022,Wanita  ,32,Kalimantan,40A68,Paket Reguler 4 Bintang,2023/09/13
1023,Wanita  ,47,Kalimantan  ,64V58,Paket Reguler 4 Bintang,2023/09/13
1024,Pria  ,41,Kalimantan  ,17X43,Paket Reguler 4 Bintang,2023/09/13
1025,Pria  ,15,Jawa,76P16,Paket Reguler 4 Bintang,2023/09/13
1026,Pria  ,12,Jawa,11A29,Paket Reguler 4 Bintang,2023/12/09
1027,Pria  ,68,Sulawesi,49G82,Paket Reguler 4 Bintang,2023/12/09
1028,Wanita  ,70,Kalimantan,75J85,Paket Reguler 4 Bintang,2023/12/09
1029,Wanita  ,53,Jawa,63J35,Paket Reguler 4 Bintang,2023/12/09
1030,Wanita  ,52,Kalimantan  ,17I73,Paket Reguler 4 Bintang,2023/11/09
1031,Pria  ,77,Jawa,82S19,Paket Reguler 4 Bintang,2023/11/09
1032,Pria  ,54,Sulawesi,82Z76,Paket Reguler 4 Bintang,2023/11/09
1033,Wanita  ,51,Jawa  ,26J45,Paket Reguler 4 Bintang,2023/11/09
1034,Wanita  ,48,Sumatera,44Q36,Paket Reguler 4 Bintang,2023/10/09
1035,Wanita  ,53,Kalimantan  ,70W77,Paket Reguler 4 Bintang,2023/10/09
1036,Wanita  ,66,Kalimantan,16A27,Paket Reguler 4 Bintang,2023/10/09
1037,Wanita  ,51,Jawa,12R75,Paket Reguler 4 Bintang,2023/10/09
1038,Pria  ,57,Jawa,60K99,Paket Reguler 4 Bintang,2023/09/09
1039,Wanita  ,56,Sumatera,14T44,Paket Reguler 4 Bintang,2023/09/09
1040,Wanita  ,54,Sulawesi,97F76,Paket Reguler 4 Bintang,2023/09/09
1041,Wanita  ,74,Kalimantan  ,38D16,Paket Reguler 4 Bintang,2023/09/09
1042,Wanita  ,29,Kalimantan,65W51,Paket Reguler 4 Bintang,2023/08/09
1043,Pria  ,59,Jawa  ,21A65,Paket Reguler 4 Bintang,2023/08/09
1044,Wanita  ,55, Jawa  ,35T55,Paket Reguler 4 Bintang,2023/08/09
1045,Wanita  ,59,Sumatera,59P15,Paket Reguler 4 Bintang,2023/08/09
1046,Pria  ,65,Kalimantan  ,74P60,Paket Reguler 4 Bintang,2023/07/09
1047,Pria  ,28,Sumatera,60A24,Paket Reguler 4 Bintang,2023/07/09
1048,Wanita  ,59,Nusa Tenggara,73F38,Paket Reguler 4 Bintang,2023/07/09
1049,Wanita  ,21,Jawa,20J88,Paket Reguler 4 Bintang,2023/07/09
1050,Wanita  ,34,Sulawesi,20B44,Paket Reguler 4 Bintang,2023/07/09
1051,Pria  ,33,Sulawesi,26P33,Paket Reguler 4 Bintang,2023/07/09
1052,Wanita  ,55,Kalimantan  ,99F65,Paket Reguler 4 Bintang,2023/07/09
1053,Pria  ,63,Sulawesi,19T20,Paket Reguler 4 Bintang,2023/06/09
1054,Wanita  ,63,Jawa,73O75,Paket Reguler 4 Bintang,2023/06/09
1055,Wanita  ,49,Jawa,11T48,Paket Reguler 4 Bintang,2023/06/09
1056,Wanita  ,43,Jawa,87N64,Paket Reguler 5 Bintang,2023/06/09
1057,Wanita  ,58,Kalimantan,92O46,Paket Reguler 5 Bintang,2023/05/09
1058,Wanita  ,68,Jawa  ,78T15,Paket Reguler 5 Bintang,2023/05/09
1059,Pria  ,21,Sulawesi,33C19,Paket Reguler 5 Bintang,2023/05/09
1060,Wanita  ,16,Sulawesi,50U23,Paket Reguler 5 Bintang,2023/05/09
1061,Pria  ,38,Nusa Tenggara,23B54,Paket Reguler 5 Bintang,2023/05/09
1062,Wanita  ,59,Sumatera,24H13,Paket Reguler 5 Bintang,2023/05/09
1063,Wanita  ,37,Jawa  ,42A96,Paket Reguler 5 Bintang,2023/04/09
1064,Pria  ,36,Jawa  ,94J93,Paket Reguler 5 Bintang,2023/04/09
1065,Wanita  ,44,Nusa Tenggara,15M27,Paket Reguler 5 Bintang,2023/04/09
1066,Pria  ,63,Sulawesi,79J94,Paket Reguler 5 Bintang,2023/04/09
1067,Wanita  ,64,Sumatera,33L64,Paket Reguler 5 Bintang,2023/03/09
1068,Pria  ,57,Jawa  ,45Z94,Paket Reguler 5 Bintang,2023/03/09
1069,Wanita  ,56,Jawa  ,47L83,Paket Reguler 5 Bintang,2023/03/09
1070,Wanita  ,63,Sulawesi,76G65,Paket Reguler 5 Bintang,2023/03/09
1071,Pria  ,57,Jawa,11W70,Paket Reguler 5 Bintang,2023/03/09
1072,Wanita  ,72,Nusa Tenggara,60T63,Paket Reguler 5 Bintang,2023/03/09
1073,Wanita  ,65,Kalimantan,49T92,Paket Reguler 5 Bintang,2023/03/09
1074,Wanita  ,44,Sumatera,95D85,Paket Reguler 5 Bintang,2023/03/09
1075,Pria  ,52,Sumatera  ,23Q13,Paket Reguler 5 Bintang,2023/03/09
1076,Wanita  ,36,Jawa,53M71,Paket Reguler 5 Bintang,2023/03/09
1077,Wanita  ,60,Sulawesi,32J19,Paket Reguler 5 Bintang,2023/03/09
1078,Wanita  ,50,Sumatera,55U81,Paket Reguler 5 Bintang,2023/03/09
1079,Pria  ,51,Jawa  ,58Z43,Paket Reguler 5 Bintang,2023/03/09
1080,Wanita  ,21,Sulawesi,37Z13,Paket Reguler 5 Bintang,2023/03/09
1081,Pria  ,16,Jawa,68V90,Paket Reguler 5 Bintang,2023/03/09
1082,Wanita  ,52,Jawa,14W47,Paket Reguler 5 Bintang,2024/02/09
1083,Wanita  ,73,Sulawesi,76Z94,Paket Reguler 5 Bintang,2024/02/09
1084,Wanita  ,32,Kalimantan,88J24,Paket Reguler 5 Bintang,2024/02/09
1085,Pria  ,29,Kalimantan  ,25M69,Paket Reguler 5 Bintang,2024/02/09
1086,Wanita  ,29,Kalimantan  ,41Z79,Paket Reguler 5 Bintang,2024/02/09
1087,Pria  ,59,Sumatera,14V93,Paket Reguler 5 Bintang,2023/02/09
1088,Wanita  ,,Sulawesi,27T68,Paket Reguler 5 Bintang,2023/02/09
1089,Pria  ,68,Sulawesi,46Y10,Paket Reguler 5 Bintang,2023/02/09
1090,Pria  ,69,Kalimantan,95G48,Paket Reguler 5 Bintang,2024/02/09
1091,Wanita  ,57,Jawa  ,53P27,Paket Reguler 5 Bintang,2024/02/09
1092,Pria  ,63,Sumatera,81Z50,Paket Reguler 5 Bintang,2024/02/09
1093,Wanita  ,59,Sulawesi,54O71,Paket Reguler 5 Bintang,2023/01/09
1094,Pria  ,65,Sumatera,21Z27,Paket Reguler 5 Bintang,2023/01/09
1095,Wanita  ,62,Nusa Tenggara,64L12,Paket Reguler 5 Bintang,2023/01/09
1096,Wanita  ,53,Jawa,94V36,Paket Reguler 5 Bintang,2023/01/09
1097,Pria  ,54,Sulawesi,59X55,Paket Reguler 5 Bintang,2023/01/09
1098,Wanita  ,51,Jawa,39D26,Paket Reguler 5 Bintang,2024/01/09
1099,Wanita  ,40,Nusa Tenggara,29C44,Paket Reguler 5 Bintang,2024/01/09
1100,Wanita  ,64,Nusa Tenggara,98U58,Paket Reguler 5 Bintang,2024/01/09
1101,Pria  ,65,Jawa,50L31,Paket Reguler 5 Bintang,2024/01/09
1102,Wanita  ,26,Nusa Tenggara,26I90,Paket Reguler 5 Bintang,2024/01/09
1103,Pria  ,72,Sumatera,79C83,Paket Reguler 5 Bintang,2024/01/09
1104,Pria  ,64,Kalimantan  ,18G46,Paket Reguler 5 Bintang,2023/10/31
1105,Pria  ,59,Jawa,23Y24,Paket Reguler 5 Bintang,2023/10/31
1106,Pria  ,64,Nusa Tenggara,96V29,Paket Reguler 5 Bintang,2023/10/31
1107,Pria  ,72,Sumatera,68A55,Paket Reguler 5 Bintang,2023/10/30
1108,Wanita  ,65,Kalimantan  ,33M41,Paket Reguler 5 Bintang,2023/10/30
1109,Wanita  ,44,Jawa,43S30,Paket Reguler 5 Bintang,2023/10/30
1110,Pria  ,38,Sumatera,48X52,Paket Reguler 5 Bintang,2023/10/30
1111,Wanita  ,49,Nusa Tenggara,20F90,Paket Reguler 5 Bintang,2023/10/30
1112,Wanita  ,17,Kalimantan  ,55S41,Paket Reguler 5 Bintang,2023/10/29
1113,Pria  ,57,Sumatera,36B27,Paket Reguler 5 Bintang,2023/10/29
1114,Wanita  ,72,Kalimantan  ,51T57,Paket Reguler 5 Bintang,2023/10/29
1115,Pria  ,65,Jawa  ,32F89,Paket Reguler 5 Bintang,2023/10/28
1116,Wanita  ,44,Kalimantan  ,45R87,Paket Reguler 5 Bintang,2023/10/28
1117,Wanita  ,52,Kalimantan  ,96K78,Paket Reguler 5 Bintang,2023/10/28
1118,Wanita  ,36,Sulawesi,65I31,Paket Reguler 5 Bintang,2023/10/27
1119,Pria  ,55,Sumatera,74I93,Paket Reguler 5 Bintang,2023/10/27
1120,Pria  ,71,Sulawesi,55S15,Paket Reguler 5 Bintang,2023/10/27
1121,Wanita  ,60,Sumatera,50X11,Paket Reguler 5 Bintang,2023/10/26
1122,Pria  ,53,Sulawesi,55I66,Paket Reguler 5 Bintang,2023/10/26
1123,Pria  ,61,Jawa,93B39,Paket Reguler 5 Bintang,2023/10/26
1124,Wanita  ,52,Kalimantan,20S71,Paket Reguler 5 Bintang,2023/10/25
1125,Wanita  ,59,Kalimantan  ,49T94,Paket Reguler 5 Bintang,2023/10/25
1126,Wanita  ,,Sulawesi,69O83,Paket Reguler 5 Bintang,2023/10/25
1127,Pria  ,,Nusa Tenggara,98H24,Paket Reguler 5 Bintang,2023/10/24
1128,Wanita,,Sulawesi,83O40,Paket Reguler 5 Bintang,2023/10/24
1129,Wanita,,Sulawesi,28Z22,Paket Reguler 5 Bintang,2023/10/24
1130,Wanita,,Sulawesi,52Z17,Paket Reguler 5 Bintang,2023/10/23
1131,Wanita,22,Kalimantan,36D57,Paket Reguler 5 Bintang,2023/10/23
1132,Pria,53,Nusa Tenggara,58Z93,Paket Reguler 5 Bintang,2023/10/23
1133,Pria,46,Kalimantan,21H57,Paket Reguler 5 Bintang,2023/10/22
1134,Pria,54,Nusa Tenggara,26A45,Paket Reguler 5 Bintang,2023/10/22
1135,Wanita,62,Kalimantan  ,11V85,Paket Reguler 5 Bintang,2023/10/22
1136,Pria,52,Kalimantan  ,22J38,Paket Reguler 5 Bintang,2023/10/21
1137,Wanita,49,Sulawesi,41Q24,Paket Reguler 5 Bintang,2023/10/21
1138,Pria,23,Sumatera,82L39,Paket Reguler 5 Bintang,2023/10/21
1139,Wanita,26,Nusa Tenggara,25M89,Paket Reguler 5 Bintang,2023/10/20
1140,Pria,26,Sumatera,28Y35,Paket Reguler 5 Bintang,2023/10/20
1141,Wanita,32,Sulawesi,99S74,Paket Reguler 5 Bintang,2023/10/20
1142,Pria,64,Jawa  ,19I36,Paket Reguler 5 Bintang,2023/10/19
1143,Wanita,59,Sulawesi,32H97,Paket Reguler 5 Bintang,2023/10/19
1144,Wanita,64,Kalimantan,23A38,Paket Reguler 5 Bintang,2023/10/19
1145,Pria,62,Sumatera,35J27,Paket Reguler 5 Bintang,2023/10/18
1146,Wanita,49,Sulawesi,54A87,Paket Reguler 5 Bintang,2023/10/18
1147,Wanita,72,Nusa Tenggara,19T88,Paket Reguler 5 Bintang,2023/10/18
1148,Pria,57,Sumatera,46B50,Paket Reguler 5 Bintang,2023/10/17
1149,Wanita,17,Jawa  ,39B86,Paket Reguler 5 Bintang,2023/10/17
1150,Pria,65,Sulawesi,87B25,Paket Reguler 5 Bintang,2023/10/17
1151,Wanita,44,Jawa,79L12,Paket Reguler 5 Bintang,2023/10/16
1152,Wanita,52,Kalimantan,26X51,Paket Reguler 5 Bintang,2023/10/16
1153,Wanita,36,Sumatera,33W65,Paket Reguler 5 Bintang,2023/10/16
1154,Pria,55,Jawa  ,95D73,Paket Reguler 5 Bintang,2023/10/15
1155,Pria,71,Jawa,12K12,Paket Reguler 5 Bintang,2023/10/15
1156,Wanita,60,Sulawesi,12V84,Paket Reguler 5 Bintang,2023/10/15
1157,Pria,53,Sulawesi,72J56,Paket Reguler 5 Bintang,2023/10/14
1158,Pria,61,Sulawesi,13I83,Paket Reguler 5 Bintang,2023/10/14
1159,Wanita,22,Jawa  ,38H58,Paket Reguler 5 Bintang,2023/10/14
1160,Wanita,59,Jawa,32L23,Paket Reguler 5 Bintang,2023/10/13
1161,Wanita,64,Jawa,52Z94,Paket Reguler 5 Bintang,2023/10/13
1162,Pria,36,Sumatera,93I48,Paket Reguler 5 Bintang,2023/10/13
1163,Pria,38,Kalimantan  ,65M94,Paket Reguler 5 Bintang,2023/12/10
1164,Pria,34,Kalimantan  ,32V29,Paket Reguler 5 Bintang,2023/12/10
1165,Wanita,29,Jawa  ,94R43,Paket Reguler 5 Bintang,2023/12/10
1166,Pria,45,Kalimantan  ,12G28,Paket Reguler 5 Bintang,2023/12/10
1167,Pria,52,Jawa,18B17,Paket Reguler 5 Bintang,2023/12/10
1168,Wanita,37,Kalimantan,19V39,Paket Reguler 5 Bintang,2023/12/10
1169,Pria,60,Sulawesi,54G13,Paket Reguler 5 Bintang,2023/12/10
1170,Wanita,41,Sulawesi,70S97,Paket Reguler 5 Bintang,2023/12/10
1171,Wanita,24,Jawa,45H93,Paket Reguler 5 Bintang,2023/12/10
1172,Pria,33,Sulawesi,41G82,Paket Reguler 5 Bintang,2023/09/10
1173,Pria,47,Jawa,73J21,Paket Reguler 5 Bintang,2023/09/10
1174,Wanita,50,Jawa  ,42J90,Paket Reguler 5 Bintang,2023/08/10
1175,Wanita,56,Sumatera,38Y19,Paket Reguler 5 Bintang,2023/08/10
1176,Pria,28,Sulawesi,41K97,Paket Reguler 5 Bintang,2023/08/10
1177,Wanita,39,Kalimantan,11H45,Paket Reguler 5 Bintang,2023/08/10
1178,Pria,31,Kalimantan,59W20,Paket Reguler 5 Bintang,2023/08/10
1179,Wanita,43,Sumatera,37O17,Paket Reguler 5 Bintang,2023/08/10
1180,Wanita,55,Jawa  ,78N38,Paket Reguler 5 Bintang,2023/08/10
1181,Pria,26,Jawa,90Z35,Paket Reguler 5 Bintang,2023/06/10
1182,Pria,48,Kalimantan,32P74,Paket Reguler 5 Bintang,2023/06/10
1183,Wanita,32,Jawa  ,81J71,Paket Reguler 5 Bintang,2023/06/10
1184,Wanita,44,Kalimantan,35L26,Paket Reguler 5 Bintang,2023/06/10
1185,Pria,58,Kalimantan  ,50D79,Paket Reguler 5 Bintang,2023/06/10
1186,Wanita,41,Jawa,56M92,Paket Reguler 5 Bintang,2023/06/10
1187,Wanita,24,Sulawesi  ,36Q85,Paket Reguler 5 Bintang,2023/06/10
1188,Pria,33,Jawa,97I13,Paket Reguler 5 Bintang,2023/06/10
1189,Pria,47,Sulawesi,76U42,Paket Reguler 5 Bintang,2023/06/10
1190,Wanita,36,Jawa,81R19,Paket Reguler 5 Bintang,2023/06/10
1191,Wanita,27,Jawa,57U53,Paket Reguler 5 Bintang,2023/06/10
1192,Pria,40,Kalimantan,69V32,Paket Reguler 5 Bintang,2023/06/10
1193,Wanita,62,Sumatera,24G69,Paket Reguler 5 Bintang,2023/06/10
1194,Pria,49,Jawa  ,18V16,Paket Reguler 5 Bintang,2023/05/10
1195,Pria,30,Sumatera,64F46,Paket Reguler 5 Bintang,2023/05/10
1196,Wanita,38,Kalimantan  ,66Q98,Paket Reguler 5 Bintang,2023/05/10
1197,Pria,25,Kalimantan  ,51K74,Paket Reguler 5 Bintang,2023/05/10
1198,Wanita,46,Sulawesi,81O93,Paket Reguler 5 Bintang,2023/05/10
1199,Pria,53,Sumatera,12Q60,Paket Reguler 5 Bintang,2023/05/10
1200,Pria,61,Kalimantan  ,62W84,Paket Reguler 5 Bintang,2023/05/10
1201,Wanita,57,Sumatera,95Q72,Paket Reguler 5 Bintang,2023/05/10
1202,Pria,35,Jawa,34A72,Paket Reguler 5 Bintang,2023/05/10
1203,Wanita,54,Sulawesi,98D78,Paket Reguler 5 Bintang,2023/05/10
1204,Wanita,37,Sumatera  ,83K32,Paket Reguler 5 Bintang,2023/05/10
1205,Pria,50,Sumatera,10K45,Paket Reguler 5 Bintang,2023/05/10
1206,Pria,42,Nusa Tenggara,23I95,Paket Reguler 5 Bintang,2023/04/10
1207,Wanita,28,Jawa  ,60Q15,Paket Reguler 5 Bintang,2023/04/10
1208,Wanita,29,Sulawesi,85J35,Paket Reguler 5 Bintang,2023/04/10
1209,Pria,47,Sulawesi,46J72,Paket Reguler 5 Bintang,2023/04/10
1210,Pria,60,Kalimantan  ,65D76,Paket Reguler 5 Bintang,2023/04/10
1211,Wanita,31,Jawa  ,47J74,Paket Reguler 5 Bintang,2023/04/10
1212,Wanita,26,Kalimantan,21G21,Paket Reguler 5 Bintang,2023/04/10
1213,Pria,45,Sumatera,66F69,Paket Reguler 5 Bintang,2023/04/10
1214,Wanita,55,Sulawesi,31S36,Paket Reguler 5 Bintang,2023/04/10
1215,Pria,34,Kalimantan  ,55Y14,Paket Reguler 5 Bintang,2023/04/10
1216,Pria,40,Kalimantan  ,99H35,Paket Reguler 5 Bintang,2023/04/10
1217,Wanita,53,Kalimantan  ,42W25,Paket Reguler 5 Bintang,2023/04/10
1218,Wanita,48,Nusa Tenggara,32F15,Paket Reguler 5 Bintang,2023/03/10
1219,Pria,43,Sulawesi,66U68,Paket Reguler 5 Bintang,2023/03/10
1220,Pria,32,Jawa,65C53,Paket Reguler 5 Bintang,2023/03/10
1221,Wanita,50,Sumatera,80Y41,Paket Reguler 5 Bintang,2023/03/10
1222,Pria,39,Jawa,26S41,Paket Reguler 5 Bintang,2023/03/10
1223,Wanita,41,Jawa,11H91,Paket Reguler 5 Bintang,2023/03/10
1224,Wanita,58,Sulawesi,70W58,Paket Reguler 5 Bintang,2023/03/10
1225,Pria,29,Sumatera,57A88,Paket Reguler 5 Bintang,2023/03/10
1226,Pria,43,Jawa,84N29,Paket Reguler 5 Bintang,2023/03/10
1227,Wanita,32,Sulawesi,99G96,Paket Reguler 5 Bintang,2023/02/10
1228,Pria  ,36,Jawa  ,29Q33,Paket Reguler 5 Bintang,2023/11/28
1229,Pria  ,42,Jawa  ,33Y42,Paket Reguler 5 Bintang,2023/11/28
1230,Wanita  ,51,Sulawesi,61J81,Paket Reguler 5 Bintang,2023/11/28
1231,Pria  ,65,Jawa  ,38M90,Paket Reguler 5 Bintang,2023/11/28
1232,Wanita  ,40,Jawa  ,57M53,Paket Reguler 5 Bintang,2023/11/28
1233,Pria  ,42,Sumatera,80O55,Paket Reguler 5 Bintang,2023/11/28
1234,Pria  ,44,Sulawesi,50W24,Paket Reguler 5 Bintang,2023/11/28
1235,Wanita  ,71,Jawa  ,41C28,Paket Reguler 5 Bintang,2023/11/28
1236,Wanita  ,64,Nusa Tenggara,16J72,Paket Reguler 5 Bintang,2023/11/27
1237,Wanita  ,,Sulawesi,61Z51,Paket Reguler 5 Bintang,2023/11/27
1238,Wanita  ,,Kalimantan  ,62N66,Paket Reguler 5 Bintang,2023/11/27
1239,Pria  ,21,Sumatera,72M84,Paket Reguler 5 Bintang,2023/11/26
1240,Pria  ,17,Sulawesi,41G20,Paket Reguler 5 Bintang,2023/11/26
1241,Pria  ,38,Sulawesi,70Y92,Paket Reguler 5 Bintang,2023/11/25
1242,Wanita  ,66,Nusa Tenggara,53P82,Paket Reguler 5 Bintang,2023/11/25
1243,Wanita  ,26,Sulawesi,35C85,Paket Reguler 5 Bintang,2023/11/25
1244,Wanita  ,37,Jawa  ,22S31,Paket Reguler 5 Bintang,2023/11/24
1245,Wanita  ,66,Nusa Tenggara,85N34,Paket Reguler 5 Bintang,2023/11/24
1246,Pria  ,66,Sulawesi,28V73,Paket Reguler 5 Bintang,2023/11/24
1247,Wanita  ,61,Jawa,61O16,Paket Reguler 5 Bintang,2023/11/23
1248,Wanita  ,50,Kalimantan,98L14,Paket Reguler 5 Bintang,2023/11/23
1249,Wanita  ,52,Kalimantan,19Y55,Paket Reguler 5 Bintang,2023/11/22
1250,Pria  ,63,Jawa  ,88Y12,Paket Reguler 5 Bintang,2023/11/22
1251,Pria  ,48,Sumatera,30O70,Paket Reguler 5 Bintang,2023/11/22
1252,Wanita  ,47,Nusa Tenggara,33Q27,Paket Reguler 5 Bintang,2023/11/21
1253,Wanita  ,45,Sulawesi,85R20,Paket Reguler 5 Bintang,2023/11/21
1254,Pria  ,34,Sulawesi,47G57,Paket Reguler 5 Bintang,2023/11/21
1255,Pria  ,40,Sumatera,91D58,Paket Reguler 5 Bintang,2023/11/20
1256,Pria  ,42,Sulawesi,30R25,Paket Reguler 5 Bintang,2023/11/20
1257,Wanita  ,42,Sulawesi,22M42,Paket Reguler 5 Bintang,2023/11/20
1258,Wanita  ,53,Sumatera,68Q32,Paket Reguler 5 Bintang,2023/11/19
1259,Pria  ,53,Jawa  ,93G28,Paket Reguler 5 Bintang,2023/11/19
1260,Wanita  ,46,Sulawesi,37Z65,Paket Reguler 5 Bintang,2023/11/18
1261,Pria  ,50,Jawa,76Y37,Paket Reguler 5 Bintang,2023/11/18
1262,Wanita  ,46,Sulawesi,76R84,Paket Reguler 5 Bintang,2023/11/18
1263,Pria  ,20,Jawa  ,59V33,Paket Reguler 5 Bintang,2023/11/17
1264,Wanita  ,47,Nusa Tenggara,91A89,Paket Reguler 5 Bintang,2023/11/17
1265,Pria  ,52,Sulawesi,23P20,Paket Reguler 5 Bintang,2023/11/16
1266,Wanita  ,57,Nusa Tenggara,83R59,Paket Reguler 5 Bintang,2023/11/16
1267,Wanita  ,44,Sulawesi,12A79,Paket Reguler 5 Bintang,2023/11/16
1268,Pria  ,62,Kalimantan  ,29W81,Paket Reguler 5 Bintang,2023/11/15
1269,Wanita  ,47,Jawa,85T98,Paket Reguler 5 Bintang,2023/11/15
1270,Pria  ,47,Sulawesi,46G45,Paket Reguler 5 Bintang,2023/11/15
1271,Wanita  ,42,Nusa Tenggara,90M11,Paket Reguler 5 Bintang,2023/11/14
1272,Pria  ,42,Sulawesi,48O43,Paket Reguler 5 Bintang,2023/11/14
1273,Wanita  ,40,Sumatera,76P90,Paket Reguler 5 Bintang,2023/11/14
1274,Wanita  ,64,Sumatera,87F22,Paket Reguler 5 Bintang,2023/11/13
1275,Pria  ,38,Nusa Tenggara,56P95,Paket Reguler 5 Bintang,2023/11/13
1276,Wanita  ,32,Nusa Tenggara,43K53,Paket Reguler 5 Bintang,2023/12/11
1277,Wanita  ,29,Sulawesi,93P58,Paket Reguler 5 Bintang,2023/12/11
1278,Pria  ,38,Sulawesi,90D88,Paket Reguler 5 Bintang,2023/11/11
1279,Pria  ,44,Sulawesi,13I90,Paket Reguler 5 Bintang,2023/11/11
1280,Wanita  ,37,Kalimantan  ,72V95,Paket Reguler 5 Bintang,2023/11/11
1281,Wanita  ,39,Sulawesi,40L69,Paket Reguler 5 Bintang,2023/10/11
1282,Wanita  ,34,Kalimantan,31D63,Paket Reguler 5 Bintang,2023/10/11
1283,Pria  ,47,Sumatera,69A29,Paket Reguler 5 Bintang,2023/09/11
1284,Wanita  ,46,Nusa Tenggara,36U57,Paket Reguler 5 Bintang,2023/09/11
1285,Pria  ,52,Jawa,45Z22,Paket Reguler 5 Bintang,2023/09/11
1286,Wanita  ,49,Jawa,92H26,Paket Reguler 5 Bintang,2023/08/11
1287,Wanita  ,42,Sumatera,48I47,Paket Reguler 5 Bintang,2023/08/11
1288,Pria  ,55,Jawa,66J21,Paket Reguler 5 Bintang,2023/07/11
1289,Wanita  ,52,Sulawesi,75O46,Paket Reguler 5 Bintang,2023/07/11
1290,Wanita  ,37,Sulawesi,31A86,Paket Reguler 5 Bintang,2023/07/11
1291,Wanita  ,44,Jawa,24Z46,Paket Reguler 5 Bintang,2023/06/11
1292,Pria  ,43,Nusa Tenggara,56V71,Paket Reguler 5 Bintang,2023/06/11
1293,Wanita  ,38,Sulawesi,90A31,Paket Reguler 5 Bintang,2023/06/11
1294,Pria  ,39,Nusa Tenggara,77W33,Paket Reguler 5 Bintang,2023/05/11
1295,Wanita  ,38,Sulawesi,62I34,Paket Reguler 5 Bintang,2023/05/11
1296,Wanita  ,47,Sumatera,92W46,Paket Reguler 5 Bintang,2023/04/11
1297,Pria  ,46,Kalimantan,10W28,Paket Reguler 5 Bintang,2023/04/11
1298,Wanita  ,45,Nusa Tenggara,86N78,Paket Reguler 5 Bintang,2023/03/11
1299,Pria  ,29,Kalimantan,13S44,Paket Reguler 5 Bintang,2023/03/11
1300,Wanita  ,32,Sumatera,52G41,Paket Reguler 5 Bintang,2023/03/11
1301,Pria  ,65,Kalimantan,76T92,Paket Reguler 5 Bintang,2023/03/11
1302,Wanita  ,40,Kalimantan  ,94T14,Paket Reguler 5 Bintang,2023/03/11
1303,Pria  ,42,Nusa Tenggara,51P32,Paket Reguler 5 Bintang,2023/03/11
1304,Wanita  ,44,Sumatera,35G48,Paket Reguler 5 Bintang,2023/03/11
1305,Pria  ,44,Jawa,44R51,Paket Reguler 5 Bintang,2023/03/11
1306,Pria  ,53,Jawa  ,41X16,Paket Reguler 5 Bintang,2023/12/27
1307,Pria  ,17,Nusa Tenggara,30K48,Paket Reguler 5 Bintang,2023/12/27
1308,Wanita  ,50,Sulawesi,52J68,Paket Reguler 5 Bintang,2023/12/27
1309,Pria  ,56,Kalimantan  ,88W70,Paket Reguler 5 Bintang,2023/12/27
1310,Wanita  ,49,Sulawesi,36O76,Paket Reguler 5 Bintang,2023/12/27
1311,Pria  ,17,Sumatera  ,92K52,Paket Reguler 5 Bintang,2023/12/25
1312,Wanita  ,51,Sulawesi,58I96,Paket Reguler 5 Bintang,2023/12/25
1313,Pria  ,50,Jawa  ,69X41,Paket Reguler 5 Bintang,2023/12/25
1314,Pria  ,47,Kalimantan  ,15J87,Paket Reguler 5 Bintang,2023/12/23
1315,Wanita  ,45,Kalimantan,62H12,Paket Reguler 5 Bintang,2023/12/23
1316,Pria  ,19,Sulawesi,47C13,Paket Reguler 5 Bintang,2023/12/23
1317,Pria  ,15,Nusa Tenggara,75Y20,Paket Reguler 5 Bintang,2023/12/23
1318,Wanita  ,13,Kalimantan  ,69T51,Paket Reguler 5 Bintang,2023/12/23
1319,Wanita  ,70,Kalimantan  ,51G74,Paket Reguler 5 Bintang,2023/12/23
1320,Pria  ,56,Jawa,31T56,Paket Reguler 5 Bintang,2023/12/17
1321,Wanita  ,50,Jawa,21Y41,Paket Reguler 5 Bintang,2023/12/17
1322,Pria  ,18,Kalimantan  ,49N96,Paket Reguler 5 Bintang,2023/12/17
1323,Wanita  ,22,Nusa Tenggara,28O81,Paket Reguler 5 Bintang,2023/12/17
1324,Wanita  ,49,Sumatera,31K86,Paket Reguler 5 Bintang,2023/12/17
1325,Wanita  ,43,Sumatera,42O49,Paket Reguler 5 Bintang,2023/12/17
1326,Wanita  ,40,Jawa,55S71,Paket Reguler 5 Bintang,2023/12/17
1327,Wanita  ,50,Sumatera,74A87,Paket Reguler 5 Bintang,2023/12/16
1328,Pria  ,57,Nusa Tenggara,60B99,Paket Reguler 5 Bintang,2023/12/16
1329,Wanita  ,52,Jawa,36T69,Paket Reguler 5 Bintang,2023/12/16
1330,Pria  ,48,Nusa Tenggara,74I58,Paket Reguler 5 Bintang,2023/12/16
1331,Pria  ,50,Sulawesi,89T31,Paket Reguler 5 Bintang,2023/12/16
1332,Wanita  ,21,Sulawesi,97V91,Paket Reguler 5 Bintang,2023/12/16
1333,Wanita  ,49,Sulawesi,73H78,Paket Reguler 5 Bintang,2023/12/16
1334,Wanita  ,18,Sumatera,70Y20,Paket Reguler 5 Bintang,2023/12/14
1335,Pria  ,50,Sulawesi,28J84,Paket Reguler 5 Bintang,2023/12/14
1336,Wanita,32,Nusa Tenggara,62G76,Paket Reguler 5 Bintang,2023/12/14
1337,Pria,65,Sulawesi,59P24,Paket Reguler 5 Bintang,2023/12/14
1338,Pria,55,Sulawesi,99S76,Paket Reguler 5 Bintang,2023/12/14
1339,Wanita,36,Jawa,56N75,Paket Reguler 5 Bintang,2023/12/14
1340,Pria,60,Jawa,49R99,Paket Reguler 5 Bintang,2023/12/14
1341,Wanita,55,Kalimantan  ,22L92,Paket Reguler 5 Bintang,2023/12/14
1342,Wanita,43,Sumatera,11W18,Paket Reguler 5 Bintang,2023/12/14
1343,Pria,36,Jawa  ,38Z12,Paket Reguler 5 Bintang,2023/12/14
1344,Wanita,22,Sumatera,92S47,Paket Reguler 5 Bintang,2023/12/14
1345,Wanita,18,Kalimantan  ,73H83,Paket Reguler 5 Bintang,2023/12/14
1346,Pria,51,Jawa,95H83,Paket Reguler 5 Bintang,2023/12/14
1347,Pria,49,Sumatera,11J56,Paket Reguler 5 Bintang,2023/12/14
1348,Wanita,70,Kalimantan  ,10U16,Paket Reguler 5 Bintang,2023/12/14
1349,Wanita,40,Kalimantan,50U73,Paket Reguler 5 Bintang,2023/11/12
1350,Pria,42,Nusa Tenggara,70Q42,Paket Reguler 5 Bintang,2023/11/12
1351,Wanita,32,Jawa,66P83,Paket Reguler 5 Bintang,2023/11/12
1352,Pria,45,Jawa  ,38P44,Paket Reguler 5 Bintang,2023/11/12
1353,Wanita,44,Sulawesi,13S26,Paket Reguler 5 Bintang,2023/11/12
1354,Pria,44,Sulawesi,31M92,Paket Reguler 5 Bintang,2023/11/12
1355,Pria,47,Kalimantan,99X50,Paket Reguler 5 Bintang,2023/11/12
1356,Wanita,51,Jawa,58C72,Paket Reguler 5 Bintang,2023/11/12
1357,Pria,50,Nusa Tenggara,12N83,Paket Reguler 5 Bintang,2023/10/12
1358,Wanita,49,Jawa,30L71,Paket Reguler 5 Bintang,2023/10/12
1359,Pria,58,Sulawesi,76D30,Paket Reguler 5 Bintang,2023/10/12
1360,Wanita,34,Kalimantan  ,38C63,Paket Reguler 5 Bintang,2023/10/12
1361,Wanita,63,Sulawesi,97M55,Paket Reguler 5 Bintang,2023/10/12
1362,Wanita,32,Kalimantan,34V83,Paket Reguler 5 Bintang,2023/10/12
1363,Pria,65,Jawa  ,83B68,Paket Reguler 5 Bintang,2023/10/12
1364,Pria,55,Jawa,33V83,Paket Reguler 5 Bintang,2023/10/12
1365,Wanita,36,Sumatera,53F41,Paket Reguler 5 Bintang,2023/09/12
1366,Pria,60,Nusa Tenggara,95K36,Paket Reguler 5 Bintang,2023/09/12
1367,Wanita,55,Kalimantan,27D92,Paket Reguler 5 Bintang,2023/07/12
1368,Wanita,70,Kalimantan,22A54,Paket Reguler 5 Bintang,2023/06/12
1369,Wanita,40,Jawa,18Z65,Paket Reguler 5 Bintang,2023/06/12
1370,Pria,42,Jawa,59V16,Paket Reguler 5 Bintang,2023/06/12
1371,Wanita,32,Kalimantan  ,35Q24,Paket Reguler 5 Bintang,2023/06/12
1372,Pria,45,Jawa  ,82R77,Paket Reguler 5 Bintang,2023/06/12
1373,Wanita,44,Sumatera,27F71,Paket Reguler 5 Bintang,2023/06/12
1374,Pria,44,Jawa,78Y39,Paket Reguler 5 Bintang,2023/06/12
1375,Pria,47,Sulawesi,81R49,Paket Reguler 5 Bintang,2023/06/12
1376,Wanita,51,Sulawesi,22X61,Paket Reguler 5 Bintang,2023/06/12
1377,Pria,50,Nusa Tenggara,42X81,Paket Reguler 5 Bintang,2023/06/12
1378,Wanita,49,Sumatera,89P73,Paket Reguler 5 Bintang,2023/05/12
1379,Pria,58,Sulawesi,59A11,Paket Reguler 5 Bintang,2023/05/12
1380,Wanita,34,Kalimantan  ,28V14,Paket Reguler 5 Bintang,2023/05/12
1381,Wanita,63,Sumatera,56K18,Paket Reguler 5 Bintang,2023/05/12
1382,Pria,45,Jawa,68U43,Paket Reguler 5 Bintang,2023/05/12
1383,Pria,50,Jawa,92S13,Paket Reguler 5 Bintang,2023/05/12
1384,Wanita,37,Nusa Tenggara,35K90,Paket Reguler 5 Bintang,2023/05/12
1385,Pria,55,Sulawesi,45A73,Paket Reguler 5 Bintang,2023/05/12
1386,Wanita,60,Nusa Tenggara,55C45,Paket Reguler 5 Bintang,2023/05/12
1387,Pria,38,Jawa,89L13,Paket Reguler 5 Bintang,2023/05/12
1388,Wanita,44,Kalimantan  ,56T96,Paket Reguler 5 Bintang,2023/05/12
1389,Wanita,39,Kalimantan  ,76B61,Paket Reguler 5 Bintang,2023/05/12
1390,Pria,52,Jawa,97N62,Paket Reguler 5 Bintang,2023/03/12
1391,Pria,57,Nusa Tenggara,58Z86,Paket Reguler 5 Bintang,2023/03/12
1392,Wanita,,Jawa,97S33,Paket Reguler 5 Bintang,2023/03/12
1393,Pria,41,Kalimantan  ,57W28,Paket Reguler 5 Bintang,2023/03/12
1394,Wanita,43,Jawa,79U64,Paket Reguler 5 Bintang,2023/03/12
1395,Pria,46,Jawa  ,47A89,Paket Reguler 5 Bintang,2023/03/12
1396,Wanita,59,Sulawesi,69P29,Paket Reguler 5 Bintang,2023/03/12
1397,Pria,53,Sulawesi,61T99,Paket Reguler 5 Bintang,2023/03/12
1398,Pria,61,Sulawesi,63N85,Paket Reguler 5 Bintang,2023/02/12
1399,Wanita,42,Sumatera,98C68,Paket Reguler 5 Bintang,2023/02/12
1400,Pria,33,Jawa,97O75,Paket Reguler 5 Bintang,2023/02/12
1401,Wanita,58,Kalimantan  ,28R46,Paket Reguler 5 Bintang,2023/02/12
1402,Pria,47,Sumatera,68J55,Paket Reguler 5 Bintang,2024/02/12
1403,Pria,51,Kalimantan  ,46V48,Paket Reguler 5 Bintang,2024/02/12
1404,Wanita,56,Jawa,66D58,Paket Reguler 5 Bintang,2024/02/12
1405,Pria,35,Kalimantan,95A37,Paket Reguler 5 Bintang,2024/02/12
1406,Wanita,49,Sulawesi,27N37,Paket Reguler 5 Bintang,2024/02/12
1407,Pria,50,Jawa,26L94,Paket Reguler 5 Bintang,2024/02/12